연번,업체명,연락처,시도,시군구,기본주소,상세주소,주요사업
1,박성구과자점,031-595-0098,경기,남양주시,경기 남양주시 금곡동 404-41,1층 박성구과자점,제과
2,덕성이발관,031-5592-5685,경기,남양주시,경기 남양주시 금곡동 430-40,금곡로28,이·미용
3,팡페이장제과점,054-248-6163,경북,포항시,경북 포항시 북구 대안길 69 (용흥동),"가동 101호 (용흥동, 제일상가)","제과,제빵"
4,배영숙산야초밥상,043-543-1136,충북,보은군,"충북 보은군 속리산면 법주사로 253 (사내리, 배영숙 산야초밥상)",배영숙 산야초밥상,산채정식
5,신내보리밥,031-771-9199,경기,양평군,경기 양평군 개군면 공서울길 39 (공세리),1층,보리밥
6,옥천면옥,031-772-5187,경기,양평군,경기 양평군 옥천면 옥천길 13 (옥천리),옥천면옥,냉면
7,정미소 김치관,031-261-0042,경기,용인시,경기 용인시 수지구 신봉1로 302 (신봉동),1층,김치만두전골
8,장수촌,031-262-7711,경기,용인시,경기 용인시 수지구 동천로 631 (고기동),1층,백숙
9,(주)제일레져,053-554-5524,대구,동구,"대구 동구 팔공로 535 (지묘동, 제일레져)",제일레져,철물구조
10,미세스고등어본점,054-291-9018,경북,포항시,경북 포항시 남구 정몽주로 873 (청림동),미세스고등어 본점,고등어구이
11,금산삼계탕고디탕,054-277-5520,경북,포항시,경북 포항시 북구 중흥로 145 (죽도동),금산삼계탕고디탕,삼계탕
12,옛맛집,053-526-6165,대구,달서구,대구 달서구 구마로14길 111 (본동),옛맛집,삼겹살구이
13,초가숯불갈비,032-427-3131,인천,부평구,인천 부평구 열우물로49번길 8 (십정동),1~2층,갈비
14,진주식당,054-262-1632,경북,포항시,경북 포항시 북구 송라면 중산리 539-30,진주식당,한식
15,서민갈비,053-761-2267,대구,수성구,대구 수성구 들안로 8-5 (두산동),서민갈비,갈비
16,동해회집,053-792-4060,대구,수성구,대구 수성구 신매로16길 16-2 (신매동),동해회집,회
17,데일리호스브라운,053-795-5777,대구,수성구,대구 수성구 달구벌대로625길 9 (시지동),데일리호스브라운,베이커리
18,케익나라,031-666-7688,경기,평택시,경기 평택시 지산동 755-8,1층 케익나라,"제과, 제빵"
19,새댁식육점,053-956-8413,대구,동구,대구 동구 아양로 53-9 (신암동),새댁식육점,고기판매
20,오복기름집,031-754-2294,경기,성남시,경기도 성남시 중원구 둔촌대로83번길 7-5(성남동),1층 오복기름집,기름 도소매
21,금성기름집,031-754-6006,경기,성남시,경기도 성남시 중원구 둔촌대로69번길 8(성남동),1층,기름 도소매
22,대광기름집,031-754-9738,경기,성남시,경기도 성남시 중원구 둔촌대로83번길 7(성남동),1층 대광기름집,"참기름,들기름,고추"
23,박터진흥부네,053-851-7042,경북,경산시,경북 경산시 와촌면 소월리 789-1,박터진 흥부네 ,한정식
24,복터진집본점,054-471-5101,경북,구미시,경북 구미시 인동북길 67 (인의동),1층,복어
25,교학사,054-857-7131,경북,안동시,경북 안동시 대안로 168-1 (남부동),1층,서적
26,재두식당,055-862-6022,경남,남해군,경남 남해군 상주면 남해대로 918-13 (상주리),재두식당,멸치쌈밥
27,평양아바이순대국밥,054-442-8998,경북,구미시,경북 구미시 고아읍 들성로 61 (원호리),2동 1층,순대국밥
28,빵뜨락,032-513-0150,인천,계양구,"인천 계양구 황어로115번길 10 (오류동, 신동아아파트)",신동아아파트상가101호,"제과,제빵"
29,낮엔해처럼밤엔달처럼,051-312-8337,부산,사상구,"부산 사상구 가야대로 288 (주례동, 창조센츄리아파트)",102호,안경원
30,헤어플레이스에이청학점,033-635-5823,강원,속초시,강원 속초시 중앙로 73 (청학동),2층,미용
31,마루솥뚜껑와인삼겹살,031-480-3010,경기,안산시,"경기 안산시 단원구 광덕대로 145 (고잔동, 강희그랜드오피스텔)",205호 ,삼겸살구이
32,이천영양돌솥밥,031-428-2600,경기,안산시,경기 안산시 상록구 항가울로 7 (사동),이천영양돌솥밥,한식
33,궁중삼계탕,052-244-1156,경기,안산시,"경기 안산시 상록구 석호공원로 69 (사동, 인우빌)",101호 ,삼계탕
34,용금옥,02-777-4749,서울,종로구,서울 종로구 자하문로 41-2 (통인동),1층,추어탕
35,동해안횟집,033-533-4474,강원,동해시,강원 동해시 일출로 61 (묵호진동),동해안횟집,회
36,평택고추상회,031-373-4851,경기,오산시,"경기 오산시 오산로272번길 13 (오산동, 평택방앗간)",1층,고춧가루 및 참기름
37,동막막국수,033-573-5083,강원,삼척시,강원 삼척시 근덕면 문의재로 3777-12 (동막리),동막막국수,막국수
38,W.코끼리안경콘택트렌즈,031-711-0203,경기,성남시,"경기 성남시 분당구 내정로166번길 7-6 (수내동, 파크타운대림아파트)","코끼리상가 1층 1호, 12호",안경소매
39,(주)강계봉진막국수,031-882-8300,경기,여주시,경기 여주시 대신면 천서리길 26 (천서리),1층,막국수
40,서수원직업전문교육원,031-295-5544,경기,수원시,경기 수원시 권선구 매송고색로 716 (고색동),"3층 일부, 5층, 6층 일부",평생교육
41,김태주선산곱창㈜,054-458-4129,경북,구미시,경북 구미시 송원서로 77 (원평동),1층,곱창
42,대우미용실,064-794-2365,제주,서귀포시,제주특별자치도 서귀포시 대정읍 신영로 105-2 (하모리),1층,미용실
43,중앙사진관,064-794-2209,제주,서귀포시,제주특별자치도 서귀포시 대정읍 신영로 109 (하모리),1층 ,사진관
44,백화서점,064-794-2309,제주,서귀포시,제주특별자치도 서귀포시 대정읍 하모상가로 39-2 (하모리),1층,서적
45,신세계제과점,064-794-2969,제주,서귀포시,"제주특별자치도 서귀포시 대정읍 하모상가로 51 (하모리, 신세계제과점)",1층,제빵·제과
46,빵굽는마을,031-358-8188,경기,안양시,"경기 안양시 동안구 관악대로 103 (비산동, 103에비뉴)",107호,"제과, 제빵"
47,용마루,031-746-9206,경기,광주시,경기 광주시 남한산성면 남한산성로780번길 35 (산성리), 용마루,백숙
48,신궁전가든,043-537-2869,충북,진천군,충북 진천군 덕산읍 용몽2길 34 (용몽리),신궁전가든,갈비
49,복주집,055-526-2778,경남,창녕군,경남 창녕군 남지읍 강변안길 10-1 (남지리),복주집,한식
50,코쿤뷰티샵,033-743-6652,강원,원주시,강원 원주시 원일로115번길 11-1 (일산동),코쿤뷰티샵,미용실
51,정정원헤어룩,02-545-3809,서울,강남구,"서울 강남구 선릉로116길 24 (삼성동, 스페이스빌딩)",1층,미용
52,대물림안성장터국밥,031-674-9494,경기,안성시,경기 안성시 미양면 구례골길 170-17 (계륵리),가동 1층 전체호,국밥
53,베이징덕,02-512-5252,서울,강남구,"서울 강남구 논현로 874 (신사동, 진성빌딩)",1층,북경오리
54,송가네감자탕,02-422-6648,서울,송파구,"서울 송파구 올림픽로35길 124 (신천동, 장미아파트)","지하층 7-4, 7-3호",감자탕
55,㈜현지축산,02-2294-3169,서울,성동구,"서울 성동구 마장로35길 76 (마장동, 현대아파트)",1층 105-1호,고기판매
56,능동아구탕,02-467-9350,서울,광진구,서울 광진구 천호대로 544 (군자동),1층,아구탕
57,중앙보조기,053-425-7018,대구,중구,"대구 중구 달구벌대로 2206 (대봉동, 중앙빌딩)",중앙보조기 5층,의료부품
58,중국성,042-254-3353,대전,동구,대전 동구 대전로815번길 66 (정동),1층 중국성,중식
59,호성베이커리,053-767-1007,대구,달성군,대구 달성군 가창면 가창로 1102 (용계리),호성베이커리,"찐빵, 만두"
60,향토정,061-726-6692,전남,순천시,"전남 순천시 남신월4길 13-26 (조례동, 향토정)",향토정,한식
61,순천복집,061-724-8480,전남,순천시,전남 순천시 팔마2길 26 (연향동),순천복집,복어
62,박구윤회관,061-753-5366,전남,순천시,"전남 순천시 팔마2길 90 (연향동, 돈우림)",박구윤회관,한식
63,박은수헤어리더,,전남,광양시,"전남 광양시 공영로 39 (중동, 광양중마호반리젠시빌아파트)",106호,미용실
64,거목순대국밥,061-741-7880,전남,순천시,"전남 순천시 장평로 50 (풍덕동, 순대국밥)",거목순대국밥,국밥
65,한국관복어집,054-654-3369,경북,예천군,"경북 예천군 예천읍 군청길 42-4 (노하리, 한국관복어집)",1층,복어
66,원조꼬리곰집,051-552-1106,부산,동래구,부산 동래구 온천장로 52 (온천동),1층 원조꼬리곰집,꼬리탕
67,관광오리탕목포본점,061-242-6582,전남,목포시,전남 목포시 호남로64번길 1 (호남동),1층,오리탕
68,에덴공방,062-234-7080,광주,동구,광주 동구 충장로46번길 8-33 (충장로5가),에덴공방,공예품
69,새강변식당,043-733-3678,충북,옥천군,"충북 옥천군 군북면 성왕로 1564 (국원리, 음식점)",새강변식당,"백숙, 메기탕"
70,계화회관,063-584-3075,전북,부안군,"전북 부안군 행안면 변산로 95 (신기리, 계화회관)",계화회관,백합요리
71,제일사진관,061-452-8919,전남,무안군,"전남 무안군 무안읍 무안중앙로 23-1 (성남리, 제일사진관)",1층,사진관
72,금오산길,054-455-8842,경북,구미시,경북 구미시 남통동 299,금오산길,한식
73,원조설렁탕,055-646-3603,경남,통영시,"경남 통영시 항남5길 21 (항남동, 원조설렁탕)",원조설렁탕,설렁탕
74,김주희미용실,062-364-3528,광주,남구,"광주 남구 수박등로 72 (월산동, 그린365할인마트)",1층,미용실
75,한양팥죽,061-373-1268,전남,화순군,전남 화순군 화순읍 중앙로 36-2 (향청리),한양팥죽,팥죽
76,오첨지,02-889-8016,서울,관악구,서울 관악구 남부순환로176길 18 (신림동),2층,오삼불고기
77,서독안경원,063-564-4010,전북,고창군,전북 고창군 고창읍 중앙로 201 (읍내리),서독안경원,안경원
78,언니네사진관,062-261-6386,광주,북구,광주 북구 서방로 4 (중흥동),2층 언니네사진관,사진관
79,동해관,033-642-3534,강원,강릉시,"강원 강릉시 율곡로 3020 (교동, 강릉시 근로자복지회관)",1층,한정식
80,JES미용예술직업전문학교,02-2675-0004,서울,영등포구,서울 영등포구 경인로 829 (영등포동4가),"2,3,4층",미용학원
81,쌍마스튜디오,02-786-7800,서울,영등포구,"서울 영등포구 여의나루로 81 (여의도동, 한마루빌딩)", 1층,사진관
82,두꺼비집,031-483-2379,경기,수원시,경기 수원시 영통구 반달로 32 (영통동),경기도 수원시 영통구 반달로 32 두꺼비집부대찌개,부대찌개
83,미로정,02-566-0016,서울,강남구,서울 강남구 테헤란로33길 19 (역삼동),2층,부대찌개
84,마산족발,055-223-4450,경남,창원시,경남 창원시 마산합포구 오동서1길 15 (중성동),1층,족발
85,이덕숙고운한복,055-262-6130,경남,창원시,경남 창원시 성산구 가음로 64 (가음동),,한복
86,대가,055-241-6062,경남,창원시,경남 창원시 마산합포구 자산삼거리로 24 (자산동),대가삼계탕,삼계탕
87,농업회사법인 라이플로우 주식회사,054-874-4991,경북,청송군,경북 청송군 주왕산면 주왕산로 508-9 (하의리),2층,소고기구이
88,대들보함흥면옥,042-522-5900,대전,중구,대전 중구 계백로1583번길 39 (유천동),1층,냉면
89,신라갈비,031-212-2354,경기,수원시,경기 수원시 영통구 동수원로 538 (원천동),,숯불 생갈비 구이
90,홍농숯불갈비,02-2695-6979,서울,양천구,서울 양천구 신월로15길 1 (신월동), ,닭갈비
91,성모안경원,02-990-0858,서울,도봉구,서울 도봉구 도봉로 483 (쌍문동),1층 성모안경원,안경
92,문어랑새우횟집,033-672-7080,강원,양양군,강원 양양군 손양면 수산1길 43-1 (수산리),문어랑새우횟집,회
93,라모스,033-252-0006,강원,춘천시,강원 춘천시 옛경춘로 835 (삼천동),라모스,수제버거
94,보헤미안커피점,033-662-5365,강원,강릉시,강원 강릉시 연곡면 홍질목길 55-11 (영진리),보헤미안커피점,커피
95,황정숙본막국수,033-642-1284,강원,강릉시,강원 강릉시 종합운동장길 43 (교동),1층,막국수
96,이디오피아집(벳),033-252-6972,강원,춘천시,강원 춘천시 이디오피아길 7 (근화동),"근화동, 1층",커피
97,협재가게,064-794-1894,제주,제주시,제주특별자치도 제주시 한림읍 한림로 332-1 (협재리),협재가게,제주향토음식
98,백련옥,062-525-2001,광주,북구,광주 북구 용봉로 30 (신안동),1층 백련옥,한식
99,황토길,062-226-1550,광주,동구,광주 동구 동명동 155-6,황토길,한식
100,삼성이용샵,033-763-9696,강원,원주시,"강원 원주시 예술관길 13 (명륜동, 원주 삼성아파트)",상가동 201호,이용원
101,태능숯불갈비,061-373-5886,전남,화순군,전남 화순군 화순읍 만연로 22 (광덕리),태능,갈비
102,남천낙지,051-626-2017,부산,수영구,부산 수영구 남천동로9번길 31 (남천동),1층 남천낙지볶음,낙지요리
103,신림참기름,02-861-4510,서울,관악구,서울 관악구 신원로5길 35 (신림동),신원시장내 B-23호 신림기름고추집,참기름
104,춘천명물닭갈비,033-255-2069,전남,순천시,"전남 순천시 행중길 15 (행동, 춘천명물닭갈비)",춘천명물닭갈비,닭갈비
105,하늘가든,032-886-3916,인천,옹진군,인천광역시 옹진군 영흥면 영흥로251번길 24,,"바지락고추장찌개, 회"
106,친절열쇠,031-675-3369,경기,안성시,"경기도 안성시 낙원길 40, 1층(창전동)",,"열쇠,도장"
107,제일농약사,031-672-5101,경기,안성시,경기도 안성시 일죽면 주래본죽로 35-1,,"농약,농자재,비료"
108,수도전기모터,031-676-5494,경기,안성시,경기도 안성시 안성맞춤대로 979(도기동),,"모터, 펌프"
109,귀래정,031-263-8266,경기,용인시,경기도 용인시 수지구 동천로 635(고기동),,"닭백숙,오리백숙"
110,고기돌담집,031-261-5292,경기,용인시,경기도 용인시 수지구 이종무로 49번길 5(고기동),,"닭백숙, 오리백숙"
111,왈츠와닥터만,031-576-0020,경기,남양주시,경기도 남양주시 조안면 북한강로 856-37,,"스테이크, 커피"
112,정흥교 헤어샵,031-594-0026,경기,남양주시,경기도 남양주시 화도읍 마석로61번길 18-25,,이미용
113,성진카정비,,경기,안산시,"경기도 안산시 상록구 각골로 110(본오동, 1층)",,자동차수리
114,장머리방,031-471-2004,경기,안양시,경기도 안양시 만안구 안양로548번길 36(석수동),,헤어
115,이조숯불갈비,031-453-7272,경기,군포시,"경기도 군포시 군포로 534번길 19, 1층 (당동)",,돼지갈비
116,제일황소,031-451-3006,경기,군포시,"경기도 군포시 군포로534번길 16, 1층(당동)",,한식
117,통나무집,02-503-9555,경기,과천시,"경기도 과천시 새술막길 38, 105호(중앙동, 중앙상가 1층)",,"부대찌개, 족발"
118,문산순대국,031-975-4791,경기,고양시,"경기도 고양시 일산서구 고양대로 667-5(일산동, 1층 일부)",,순대국
119,천안기름집,031-756-0706,경기,성남시,"경기도 성남시 중원구 둔촌대로83번길 7, 1층(성남동)",,참기름
120,서울기름집,031-754-1610,경기,성남시,경기도 성남시 중원구 둔촌대로83번길 5(성남동),,"기름, 고추, 참깨"
121,대왕기름집,031-758-1245,경기,성남시,경기도 성남시 중원구 둔촌대로 83번길 9-1(성남동),,참기름
122,한주토피스,031-435-9600,경기,시흥시,"경기도 시흥시 공단1대로 253(정왕동, 한주토피스)",,"문구, 인쇄, 전산용품, 잡화"
123,무진장,031-375-0772,경기,오산시,경기도 오산시 경기대로658번길 19(내삼미동),,갈비
124,일미정육점,031-662-5061,경기,평택시,경기도 평택시 탄현로346번길 33(지산동),,정육
125,대훈생고기,031-214-9181,경기,수원시,"경기도 수원시 영통구 센트럴파크로127번길 26, 1층(이의동)",,쇠고기숯불구이
126,한성미용직업전문학원,02-436-8557,서울,중랑구,서울특별시 중랑구 망우로 277 (2~5층),,"학원, 교육서비스"
127,청평매운탕,02-976-9891,서울시,중랑구,"서울시 중랑구 공릉로 46, 1층(묵동)",,메기매운탕
128,풍남,02-2265-2336,서울,중구,서울특별시 중구 수표로 50-1,,골뱅이
129,종가집,02-734-0987,서울,종로구,"서울특별시 종로구 인사동길 15-13, 1층(인사동)",,곱창구이
130,이문설농탕 ,02-733-6526,서울,종로구,"서울특별시 종로구 우정국로 38-13(견지동, 1층)",,"설렁탕, 도가니탕, 머리탕"
131,신성,02-733-6671,서울,종로구,서울특별시 종로구 무교로 42(서린동),,"모듬회, 초밥"
132,낙원아구찜,02-763-8558,서울,종로구,서울특별시 종로구 삼일대로 436(낙원동),,아구찜
133,시골감자국,02-302-8484,서울,은평구,서울특별시 은평구 응암로 174(응암동),,뼈다귀 감자국
134,진미식당,063-856-4422,서울,용산구,서울특별시 용산구 백범로90길 46(문배동),,"육회비빔밥, 선지국밥"
135,양자강,02-784-8844,서울,영등포구,"서울특별시 영등포구 63로 36(여의도동, 리버타워 지하1층 b105호)",,중화요리
136,송죽장,02-2678-1323,서울,영등포구,"서울특별시 영등포구 문래로 203, 1-3층(영등포동4가)",,중화요리
137,고려정,02-784-4212,서울,영등포구,"서울특별시 영등포구 국제금융로6길 30, 116호(여의도동, 백상빌딩)",,차돌박이
138,주식회사 석신한우,02-2295-7923,서울,성동구,서울특별시 성동구 마장로37길 55(마장동),"석신상사 1,2,3호(마장동)",식육
139,블랑제리 (르팡),02-533-4600,서울,서초구,"서울특별시 서초구 방배로 268, 102호(방배동, 신삼호상가1층 2호)",,"제과, 제빵"
140,금복족발,02-716-0328,서울,마포구,"서울특별시 마포구 삼개로3길 6-3, 1층(도화동)",,족발
141,대박김치찌개,02-833-4330,서울,동작구,"서울특별시 동작구 보라매로5길 5(신대방동, 1층)",,"김치찌개, 백반정식"
142,엘리제제과점,02-936-2733,서울,노원구,"서울특별시 노원구 동일로 1550, 109호(상계동, 고려프라자)",,"제과, 제빵"
143,프랑세즈과자점,02-854-1213,서울,금천구,서울특별시 금천구 남부순환로 1392(독산동),,"제과, 제빵"
144,동흥관,02-803-3759,서울,금천구,"서울특별시 금천구 시흥대로63길 20(시흥동, 외 2필지(7,9)",,중화요리
145,장군갈비,02-447-3479,서울,광진구,서울시 광진구 용마산로 11 (중곡동),,한식
146,민정식당,02-452-3574,서울,광진구,"서울특별시 광진구 아차산로42길 41-4(자양동, 1층)",,"설렁탕, 수육"
147,신촌기사식당,02-3664-4221,서울,강서구,"서울특별시 강서구 방화대로 408(방화동, 1층)",,불꽃백반
148,삼천포식당,02-998-3447,서울,강북구,서울특별시 강북구 한천로 1052(수유동),,돌구이삼겹살
149,삼양동 삼다도 아구탕,02-988-7709,서울,강북구,"서울특별시 강북구 삼양로29길 10-14, 외 2필지(삼양로29길 10-16, 12)(미아동)",,아구찜
150,군산해물탕,02-903-5211,서울,강북구,서울특별시 강북구 한천로139길 41(수유동),,"해물탕, 해물찜"
151,진성식당,02-511-8157,서울,강남구,서울특별시 강남구 학동로81길 7(청담동),,"칼국수, 보쌈"
152,㈜삼원가든,02-548-3030,서울,강남구,서울특별시 강남구 언주로 835(신사동),,갈비
153,나주곰탕우정집,02-501-6611,서울,강남구,"서울특별시 강남구 강남대로94길 57(역삼동, 지상1층)",,곰탕
154,희망상회,033-434-3351,강원,홍천군,강원도 홍천군 홍천읍 번영로 53,,곡물
155,춘천명물닭갈비,033-255-2069,강원,춘천시,강원도 춘천시 옛경춘로 813(삼천동),,닭갈비
156,오수물막국수,033-242-4714,강원,춘천시,강원도 춘천시 신북읍 맥국2길 15,,막국수
157,진부령식당,033-462-1877,강원,인제군,강원도 인제군 북면 진부령로 100,,"황태해장국, 황태구이"
158,일미장,033-461-2396,강원,인제군,강원도 인제군 인제읍 인제로 188번길 1,,"소고기, 돼지고기"
159,대아서점,033-671-7700,강원,양양군,강원도 양양군 양양읍 양양로 108,,서적
160,황해횟집,033-532-7300,강원,동해시,강원도 동해시 일출로 189(묵호진동),,회
161,오부자냄비물회,033-533-2676,강원,동해시,"강원도 동해시 일출로 151, 10호(묵호진동,삼양비취타워)",,생선회
162,원흥수산건어물,033-651-3386,강원,강릉시,강원도 강릉시 창해로 376,,건어물
163,뚱보냉면,02-2267-1801,강원,강릉시,강원도 강릉시 토성로 156-2(임당동),,"생고기구이, 냉면"
164,리엔박헤어,052-273-8831,울산,남구,울산광역시 남구 봉월로 114번길 7(신정동),,미용
165,삼송,051-245-7870,부산,중구,부산광역시 중구 광복로55번길 13(창선동1가),,초밥
166,㈜워터스톤,051-753-2811,부산,수영구,부산광역시 수영구 민락수변로 25(민락동),,횟집
167,대현상회,051-755-0107,부산,수영구,"부산광역시 수영구 망미배산로10번길 58, 1층(망미동)",,참기름
168,제일상회,051-325-9355,부산,사상구,부산광역시 사상구 새벽로168번길 21(감전동),,식료품잡화
169,시떼저팬 (CJ. Gallery),051-319-6742,부산,사상구,"부산광역시 사상구 광장로7(괘법동, 르네시떼 2741,2742,2723,2724,2725호)",,소품
170,신발원,051-467-0177,부산,동구,부산광역시 동구 대영로243번길 62(초량동),,만두
171,고선이홍삼,051-628-6983,부산,남구,부산광역시 남구 못골로41번길 14(대연동),,홍삼음료
172,경주박가국밥,051-742-0507,부산,기장군,부산광역시 기장군 정관읍 구연2로 18,,돼지국밥
173,케네디홀레스토랑,055-644-0050,경남,통영시,"경상남도 통영시 미수해안로 125-5(미수동, 마이웨이상가4층)",,경양식
174,강변횟집,055-296-4444,경남,창원시,경상남도 창원시 마산회원구 석전동16길 25(석전동),,햫어회
175,황금당,055-386-2366,경남,양산시,경상남도 양산시 중앙로 171(북부동),,"귀금속, 시계"
176,안다미로&카페오리,055-372-3030,경남,양산시,경상남도 양산시 명곡로 439(명곡동),,오리불고기
177,손두부전문점,055-381-7492,경남,양산시,경상남도 양산시 신기1길 13(신기동),,손두부
178,원조할매추어탕,055-323-7139,경남,김해시,경상남도 김해시 식만로348번길 44-1(불암동),,추어탕
179,평화문구상사,043-852-3992,충북,충주시,충청북도 충주시 국원대로 47(봉방동),,문구
180,만나밥집,043-852-9590,충북,충주시,충청북도 충주시 동수 2길 35(연수동),,황태콩나물해장국
181,청주폐백,043-262-6322,충북,청주시,충청북도 청주시 흥덕구 흥덕로 90-1(운천동),,전통 혼례 음식
182,원조백년옻닭,043-252-4711,충북,청주시,충청북도 청주시 청원구 교서로 104-1(우암동),,삼계탕(옻닭)
183,신사동염소탕,043-274-6828,충북,청주시,충청북도 청주시 흥덕구 직지대로582번길 15(봉명동),,"염소탕, 수육, 전골"
184,부모산가든,043-233-0551,충북,청주시,충청북도 청주시 흥덕구 2순환로 1167번길 25(복대동),,참숯 통갈비
185,금호송어장,043-931-5050,충북,청주시,충청북도 청주시 서원구 현도면 노산하석로 166,,송어회
186,오박사냉면전문식당,043-533-2287,충북,진천군,충청북도 진천군 진천읍 중앙동 1길 2,,냉면
187,삽다리곱창전문점,041-634-0362,충남,홍성군,충청남도 홍성군 홍성읍 도청대로 6,,돼지곱창
188,비전농장,,충남,홍성군,충청남도 홍성군 광천읍 충서로 400번길 221,,양돈
189,결성칼국수,041-642-8073,충남,홍성군,충청남도 홍성군 결성면 구성남로 31,,칼국수
190,동흥루,041-331-2812,충남,예산군,충청남도 예산군 예산읍 예산로 220-1,,중화요리
191,우보설렁탕,044-863-6709,세종,조치원읍,세종특별자치시 조치원읍 문화로 24,,설렁탕
192,진로집,042-226-0914,대전,중구,대전광역시 중구 중교로 45-5(대흥동),,두부두루치기
193,성호사,042-226-9019,대전,중구,"대전광역시 중구 보문로 286, 102호(선화동, 스마트 284)",,인장
194,용지봉,053-783-8558,대구,수성구,"대구광역시 수성구 들안로 9(상동, 405-2, 407-5)",,한정식
195,상락식당,053-742-1133,대구,수성구,대구광역시 수성구 동대구로74안길 2(범어동),,한정식
196,삼수장어,053-745-7800,대구,수성구,대구광역시 수성구 신천동로 442(수성동4가),,장어요리
197,브레드바바,053-753-4544,대구,수성구,대구광역시 수성구 수성로69길 55(수성동1가),,"제과, 제빵"
198,본전식당,053-742-9358,대구,수성구,대구광역시 수성구 수성로76길 38(수성동2가),,"칼국수, 문어수육"
199,녹양구이,053-767-9922,대구,수성구,대구광역시 수성구 무학로17길 21(두산동),,"생고기, 숯불구이"
200,대구수산,053-425-7611,대구,북구,"대구광역시 북구 칠성시장로 69, 1층(칠성동2가)",,"장어, 미꾸라지"
201,김태희손국수식당,053-616-0765,대구,달성군,대구광역시 달성군 옥포읍 옥포로 597,,손칼국수
202,경산식당,053-591-0068,대구,달성군,대구광역시 달성군 다사읍 강정본길 77,,"메기매운탕, 찜"
203,강원도집,053-767-9192,대구,달성군,대구광역시 달성군 가창면 가창로176길 18,,오리직화구이
204,레이몬드베이커리,053-585-7413,대구,달서구,"대구광역시 달서구 선원로 241, 108호(용산동, 보성2차상가)",,제과
205,정우식당,053-623-7200,대구,남구,대구광역시 남구 장전2길 68-3(대명동),,초밥
206,대덕식당,053-656-8111,대구,남구,대구광역시 남구 앞산순환로 443(대명동),,선지국밥
207,금호꽃농원,054-332-8988,경북,영천시,경상북도 영천시 금호읍 사일로 2,,"화훼, 생화"
208,나연플라워아트,054-635-3888,경북,영주시,"경상북도 영주시 대학로284번길 4-20, 1층 102호(가흥동, 석남빌딩)",,생화
209,학원사,054-284-8250,경북,포항시,경상북도 포항시 북구 중앙로 266(남빈동),,"서적,교과서"
210,포항특미물회식당,054-246-1490,경북,포항시,경상북도 포항시 북구 동빈로 106(동빈1가),,물회
211,중앙콘택트. 안경 (중앙점),054-247-7700,경북,포항시,경상북도 포항시 북구 중앙로 295 (상원동),,"렌즈,안경"
212,장기식당,054-247-0764,경북,포항시,경상북도 포항시 북구 죽도시장3길 9-10(죽도동),,"곰탕,수육"
213,떡서방콩고물각시,054-248-9523,경북,포항시,경상북도 포항시 북구 천마로72번길 22(양덕동),,떡
214,길성관,054-247-3636,경북,포항시,경상북도 포항시 북구 불종로 42(대흥동),,중화요리
215,천생산오리사냥,054-471-5292,경북,구미시,경상북도 구미시 천생산길 38(구평동),,오리고기
216,배신식당,054-430-5834,경북,김천시,경상북도 김천시 감문면 배시내길 46,,석쇠불고기
217,라망웨딩,054-458-6700,경북,구미시,"경상북도 구미시 금오산로 134, 1층(원평동)",,"사진촬영, 웨딩컨설팅"
218,궁원(비원),054-456-9900,경북,구미시,경상북도 구미시 금오산로 126(원평동),,한정식
219,충효닭집,054-749-1743,경북,경주시,"경상북도 경주시 원효로51번길 5, 1층(성건동)",,닭
220,㈜경신유통,053-817-6401,경북,경산시,경상북도 경산시 성암로21길 3-6(옥산동),,식육
221,신설오름,064-758-0143,제주,제주시,제주특별자치도 제주시 고마로 17길 2(일도이동),,"몸국,돔베고기"
222,도라지식당,064-722-3142,제주,제주시,제주특별자치도 제주시 연삼로 128(오라삼동),,갈치구이
223,레스토랑마리서사본점,063-538-6781,전북,정읍시,전라북도 정읍시 수성택지4길 20-12(수성동),,"돈가스, 생채볶음밥"
224,피엔비 (PNB),063-285-6666,전북,전주시,전라북도 전주시 완산구 팔달로 180(경원동1가),,"제과, 제빵"
225,신애자한복,063-283-0931,전북,전주시,전라북도 전주시 완산구 전라감영4길 18(중앙동3가),,주단
226,무궁화한정식,063-271-3307,전북,전주시,전라북도 전주시 덕진구 권삼득로 436(덕진동2가),,한정식
227,배불뚝집 본점,063-831-1287,전북,익산시,전라북도 익산시 하나로6길 19(어양동),,부대찌개
228,약산흑염소,061-373-9233,전남,화순군,전라남도 화순군 화순읍 상삼2길 13-9,,흑염소
229,해남서점,061-532-7700,전남,해남군,전라남도 해남군 해남읍 중앙1로 148(2층),,서적
230,소망식당,061-533-3456,전남,해남군,전라남도 해남군 해남읍 구교2길 2,,"뚝배기불고기, 김치찌개"
231,독천식당,061-472-4222,전남,영암군,전라남도 영암군 학산면 독천로 162-1,,갈낙탕
232,호남,061-662-3501,전남,여수시,전라남도 여수시 동문로 93-1(공화동),,갈비요리
233,하늘미용실,061-653-1934,전남,여수시,"전라남도 여수시 문수북6길 23-1(문수동, 287호)",,미용
234,형설서점,061-741-1069,전남,순천시,전라남도 순천시 낙안면 이곡1길 12,,중고서적
235,세라헤어터치,061-742-1607,전남,순천시,전라남도 순천시 풍덕주택길 7(조곡동),,"미용, 영구화장"
236,소문난곱창,061-858-1589,전남,보성군,전라남도 보성군 벌교읍 채동선로 148-1,,"곱창구이, 곱창전골"
237,(유)국제서림,061-244-1902,전남,목포시,전라남도 목포시 영산로75번길 27-2(죽동),,"서적, 문구"
238,하얀마을 제과점,061-834-4504,전남,고흥군,전라남도 고흥군 도화면 동신길 34,,"제과, 제빵"
239,삼양미용실,061-835-3393,전남,고흥군,"전라남도 고흥군 고흥읍 여산당촌길 4-1, 107호",,미용
240,김향숙헤어클리닉,062-368-2959,광주,서구,"광주광역시 서구 내방로 340-2(화정동, 1층)",,미용
241,칼리지미용실,062-526-5874,광주,북구,광주광역시 북구 우치로 63(중흥동),,미용
242,다락방아트센타,062-264-3598,광주,북구,광주광역시 북구 금재로 36번길 56(북동),,공예품
243,희망그릇,062-224-5215,광주,동구,광주광역시 동구 천변우로 495(학동),,그릇 및 잡화
244,삼풍베이커리,062-225-3372,광주,동구,광주광역시 동구 남문로 674(학동),,"제과, 제빵"
245,보보리스,062-951-6122,광주,광산구,"광주광역시 광산구 사암로216번길 16(우산동, 103호)",,미용
246,유한회사 제이베이커스,061-722-3822,전남,순천시,"전라남도 순천시 팔마로 269, 나동(연향동)",,"제과, 제빵"
247,자연가든,043-851-8431,충북,충주시,충청북도 충주시 살미면 중원대로 2461,,한정식
248,옹기장터,043-846-8136,충북,충주시,충청북도 충주시 주덕읍 충청대로 2238,,염소탕
249,책이있는글터,043-848-4256,충북,충주시,"충청북도 충주시 국원대로 191, 1층(금릉동)",,서점
250,연게소문,043-291-2123,충북,청주시,충청북도 청주시 서원구 수곡로57번길 32-2(수곡동),,"갈비, 게장"
251,서문우동,043-256-3334,충북,청주시,충청북도 청주시 상당구 무심동로392번길 8(서문동),,"우동, 빵"
252,느티나무집,043-532-5534,충북,진천군,충청북도 진천군 진천읍 백곡로 1253,,민물잡고기 매운탕
253,서울화원,042-836-4366,충북,증평군,"충청북도 증평군 증평읍 중앙로 206, 103호(서울빌딩)",,생화및관엽
254,청풍황금송어,043-652-4769,충북,제천시,충청북도 제천시 금성면 청풍호로39길 25,,송어비빔회
255,무궁화식당,043-643-4956,충북,제천시,충청북도 제천시 독순로 91-4(중앙로2가),,순대국밥
256,덩실분식,043-643-2133,충북,제천시,충청북도 제천시 독순로 6길 5(의림동),,찹쌀떡
257,강박사냉면숯불갈비,043-647-5596,충북,제천시,충청북도 제천시 청전대로 91(청전동),,"냉면,숯불갈비,갈비탕"
258,문정식당,043-731-4407,충북,옥천군,충청북도 옥천군 옥천읍 향수3길 20,,중국요리
259,감골생고기타운,043-743-0042,충북,영동군,충청북도 영동군 영동읍 계산로1길 32,,삼겹살
260,경희식당,043-543-3736,충북,보은군,충청북도 보은군 속리산면 사내7길 11-4,,한정식
261,칠갑산골,041-942-7811,충남,청양군,충청남도 청양군 대치면 장곡길 147,,"산채정식, 참게요리"
262,학화호도과자,041-551-3370,충남,천안시,충청남도 천안시 동남구 대흥로 233(대흥동),,호도과자
263,청화집순대,041-564-1558,충남,천안시,충청남도 천안시 동남구 병천면 충절로 1749,,"순대국, 순대"
264,원조옥수사,041-551-1202,충남,천안시,"충청남도 천안시 동남구 영성로 25-3, 1층 28호(사직동)",,"칼국수, 수육"
265,홍콩반점,041-545-2771,충남,아산시,충청남도 아산시 온천대로 1507(온천동),,중화요리
266,정문농산,041-545-7133,충남,아산시,"충청남도 아산시 번영로 149, 1층(권곡동)",,쌀
267,보령자동차공업사,041-935-0070,충남,보령시,충청남도 보령시 중앙로 33(대천동),,자동차종합수리
268,독일베이커리,041-356-0403,충남,당진시,"충청남도 당진시 밤절로 168, 1층, 106호(수청동, 로뎀타워)",,제과점
269,강경할미젓갈,041-745-1342,충남,논산시,충청남도 논산시 강경읍 옥녀봉로19번길 21,,젓갈
270,옛날고도리추어탕,041-752-7039,충남,금산군,충청남도 금산군 추부면 삼육로 6,,추어탕
271,남촌가든,041-754-0848,충남,금산군,충청남도 금산군 제원면 낙안길 34-5,,어죽
272,별장가든,041-942-3312,충남,청양군,충청남도 청양군 청양읍 충절로 1494,,한정식
273,귀빈식당,041-841-8027,충남,공주시,충청남도 공주시 사곡면 마곡상가길 12,,"산더덕정식, 능이버섯전골"
274,누네안경원,064-757-9285,제주,제주시,제주특별자치도 제주시 서광로 236-1(삼도일동),,안경 및 콘택트렌즈
275,진미명가식당,064-794-3639,제주,서귀포시,제주특별자치도 서귀포시 안덕면 사계남로 167,,일본음식점
276,그때산집,063-277-0492,전북,전주시,전라북도 전주시 완산구 태평5길 13-4(태평동),,복어요리
277,호텔한성,063-288-0014,전북,전주시,전라북도 전주시 완산구 전주객사5길 43-3(고사동),,숙박
278,바이크나라,063-272-9630,전북,전주시,전라북도 전주시 덕진구 권삼득로 106(진북동),,오토바이
279,물머리집,063-836-8558,전북,익산시,전라북도 익산시 금마면 고도1길 56-5,,매운탕
280,모성,063-834-8787,전북,익산시,전라북도 익산시 하나로 453(영등동),,중식
281,추어향,063-625-5545,전북,남원시,전라북도 남원시 요천로 1455(쌍교동),,"추어탕, 추어허브떡갈비"
282,인산인해,063-633-2022,전북,남원시,전라북도 남원시 시청동로 26(도통동),,"삼계탕, 닭볶음탕"
283,삼포식당,063-635-0271,전북,남원시,전라북도 남원시 요천로 2264(식정동),,고추장 더덕장어구이
284,빵굽는오남매,063-463-8186,전북,군산시,"전라북도 군산시 오룡로 65-1, 1층, 2층(명산동)",,제과점
285,빈해원,063-445-2429,전북,군산시,전라북도 군산시 동령길 57(장미동),,중식
286,일도당 인쇄,063-445-4701,전북,군산시,전라북도 군산시 중앙로 196-1(중앙로1가),,"인장,인쇄"
287,대영,063-445-1264,전북,군산시,전라북도 군산시 구시장로 17-2(대명동),,"벽지,바닥재"
288,인천장가든,063-564-8643,전북,고창군,전라북도 고창군 아산면 원평길 9,,민물새우탕
289,키다리슈즈,070-7255-1333,전북,고창군,전라북도 고창군 고창읍 동리로 63,,장화
290,덕양 은혜 곱창,061-683-9178,전남,여수시,전라남도 여수시 소라면 하세동길 7-1,,곱창전골
291,옥수헤어모드,061-682-1775,전남,여수시,전라남도 여수시 좌수영로 472(둔덕동),,헤어미용
292,리가토탈헤어클럽,061-662-0730,전남,여수시,"전라남도 여수시 충무로 45(충무동, 1층)",,토탈미용
293,미주농원,061-744-5292,전남,순천시,"전라남도 순천시 상사호길 120(덕월동, 외 1필지 가동, 나동(1층))",,"닭, 오리고기, 삽겸살"
294,박귀월 머리마을,061-274-2721,전남,목포시,전라남도 목포시 원산중앙로 106 (연산동),,미용업
295,일광서점,061-332-8940,전남,나주시,전라남도 나주시 나주로 180(중앙동),,"서적, 문구"
296,인현통닭삼계탕,032-763-8487,인천,중구,"인천광역시 중구 참외전로 134, 1층(인현동, 외 2필지)",,삼계탕
297,락캠프,032-518-1245,인천,부평구,"인천광역시 부평구 길주로 547(갈산동, 지하1층)",,"호프, 공연"
298,창조할인마트,032-507-0022,인천,부평구,"인천광역시 부평구 부흥로303번길 14(부평동, 1층)",,슈퍼마켓
299,영광상회,032-515-3444,인천,부평구,"인천광역시 부평구 부흥로304번길 27, 나동 21호(부평동)","인천광역시 부평구 부흥로304번길 27, 나동 21호)","가공식품, 건어물"
300,깜상네,032-772-9588,인천,동구,인천광역시 동구 화도진로5번길 8(금곡동),,"오리로스, 삼계탕"
301,샤론한복,,인천,동구,인천광역시 동구 송현동 98,,한복
302,단골식당,032-937-1131,인천,강화군,인천광역시 강화군 화도면 마니산로678,,"젓국갈비, 약쑥시래기밥"
303,주식회사 제일도기타일상사,052-298-4000,울산,중구,울산광역시 중구 가구거리 82(반구동),,자기타일
304,김경란 박사 헤어큐어,052-201-3930,울산,동구,울산광역시 동구 봉수로 307(전하동),,미용
305,촌당,052-266-9289,울산,남구,울산광역시 남구 수암로90번길 21(신정동),,식육
306,주식회사 만리장성,052-291-0002,울산,남구,울산광역시 남구 문수로480번길 7(신정동),,중화요리
307,꽃안에서,052-266-2425,울산,남구,울산광역시 남구 삼산로 36(신정동),,생화
308,명신당,02-736-2466,서울,종로구,서울특별시 종로구 인사동길 34(관훈동),,문방사우 판매
309,연서순대국,02-355-8752,서울,은평구,"서울특별시 은평구 통일로 850, B동 6호(불광동)",,순대국
310,싸리골,02-355-3086,서울,은평구,"서울특별시 은평구 서오릉로 195, 2층 202호(구산동)",,"국물갈비, 삼겹살"
311,두꺼비집,031-483-2379,서울,은평구,"서울특별시 은평구 연서로28길 5(대조동, 185-31,32,33,34,35)",,부대찌개
312,서울가발박사,02-720-2000,서울,영등포구,서울특별시 영등포구 경인로 828(영등포동),,맞춤가발
313,골목집,02-2648-3073,서울,양천구,서울특별시 양천구 목동중앙북로 4(목동),,닭볶음탕
314,주식회사 산무리,02-418-2350,서울,송파구,"서울특별시 송파구 삼학사로 101, 4층(삼전동, 1,2,3,4층)",,오징어볶음
315,3대 삼계장인,02-522-2270,서울,서초구,"서울특별시 서초구 반포대로28길 56-3, 1층(서초동, 한라빌딩)",,삼계탕
316,주식회사 맛난세상,02-703-0019,서울,마포구,서울특별시 마포구 토정로37길 47(염리동),,바싹불고기
317,르네상스제과점,02-751-2808,서울,마포구,서울특별시 마포구 토정로 282(용강동),,건강한 빵
318,함스브로트,02-996-4488,서울,도봉구,서울특별시 도봉구 도봉로 483(쌍문동),,제빵
319,참누렁소,02-979-6400,서울,노원구,서울특별시 노원구 공릉로63길 13(하계동),,한우구이
320,구이구이돼지촌쭈꾸미,02-2662-3450,서울,강서구,"서울특별시 강서구 초원로 77, 1층(방화동)",,쭈꾸미구이
321,옥류헌,02-993-1829,서울,강북구,서울특별시 강북구 삼양로181길 142(우이동),,"한정식, 커피"
322,섬진강식당,02-993-9545,서울,강북구,서울특별시 강북구 한천로 1151(수유동),,장어구이
323,초롱이고모부대찌개,02-442-3546,서울,강동구,"서울특별시 강동구 상암로11길 4, 1층(암사동)",,부대찌개
324,별미손칼국수,02-3426-9601,서울,강동구,"서울특별시 강동구 양재대로141길 9, 1층(명일동, 서교빌딩)",,칼국수 등
325,베이크 하우스,02-543-7881,서울,강남구,"서울특별시 강남구 봉은사로71길 49, 1층(삼성동)",,제과
326,㈜비앤테일러샵,02-763-9997,서울,강남구,서울특별시 강남구 도산대로81길 31(청담동),,맞춤정장
327,해운대원조할매국밥,051-731-3363,부산,해운대구,"부산광역시 해운대구 좌동로53번길 29, A동 1층(중동)",,국밥
328,선창횟집,051-747-7470,부산,해운대구,부산광역시 해운대구 달맞이길62번길 67(중동),,"회, 생선뼈찜"
329,원조서울삼계탕,051-245-3696,부산,중구,부산광역시 중구 남포길 36(남포동2가),,삼계탕
330,어머니간장게장,051-254-1150,부산,중구,부산광역시 중구 대청로137번길 8-2(중앙동3가),,"게장, 한정식"
331,뚜쥬루과자점,051-751-0779,부산,수영구,부산광역시 수영구 광일로20번길 7(광안동),,제과
332,유림,051-753-6747,부산,수영구,"부산광역시 수영구 망미번영로38번길 72, 2층(광안동)",,미용
333,세탁백화점,051-312-1470,부산,사상구,부산광역시 사상구 엄궁남로40(엄궁동),,세탁소
334,윤오토자동차정비,051-805-9155,부산,부산진구,"부산광역시 부산진구 새싹로 180-1(연지동, 외 340-16)",,자동차부분정비
335,현대음향사,051-816-2233,부산,부산진구,"부산광역시 부산진구 부전로162번길 28, 202호(부전동, 서면종합시장2층)",,"음향기기, 악기"
336,구기영 조방낙지,051-528-7055,부산,동래구,"부산광역시 동래구 명장로20번길 60, 1,2층(명장동)",,낙지전골
337,경양식 달과6펜스,051-441-0284,부산,동구,"부산광역시 동구 중앙대로226번길 7-2, 1층(초량동)",,돈가스
338,대화단추,051-633-4141,부산,동구,"부산광역시 동구 진시장로 24(범일동, 진시장 1층 상포141-4)",,"의복부착물, 단추"
339,궁중해물탕조씨집,051-627-4749,부산,남구,부산광역시 남구 진남로 7-11(대연동),,해물탕
340,하동집,055-741-1410,부산,금정구,부산광역시 금정구 오륜대로 260(오륜동),,한식
341,동경식당,051-831-7972,부산,강서구,"부산광역시 강서구 신호산단1로72번길 17, 2,3층(신호동)",,일식
342,주식회사 사리원푸드,042-256-6506,대전,중구,대전광역시 중구 중교로 62(대흥동),,"갈비, 냉면"
343,박속낙지,042-863-5496,대전,유성구,대전광역시 유성구 하기로 153(하기동),,낙지요리
344,사리원면옥,042-487-4209,대전,서구,대전광역시 서구 둔산로31번길 77(둔산동),,"냉면, 갈비탕"
345,귀빈돌솥밥,042-488-3340,대전,서구,대전광역시 서구 만년로68번길 21(만년동),,돌솥밥
346,서울이용원,042-222-6665,대전,동구,대전광역시 동구 대전로 805(중동),,가발
347,"한국문구도매센터, 활문사",042-632-2552,대전,동구,대전광역시 동구 대전로867번길 51(삼성동),,문구
348,오문창순대국밥식당,042-621-4325,대전,대덕구,대전광역시 대덕구 한발대로 1153(중리동),,순대국밥
349,주식회사서해냉동식품,042-631-1789,대전,대덕구,대전광역시 대덕구 한밭대로 976(오정동),,냉동수산물
350,부창생갈비,053-255-0968,대구,중구,대구광역시 중구 국채보상로 492-12(동산동),,생갈비
351,미림식당,053-554-6636,대구,중구,대구광역시 중구 국채보상로93길 6(대신동),,돈까스
352,김종희플로라 (김종희플라워디자인학원),053-422-2660,대구,수성구,대구광역시 수성구 국채보상로 920-1(범어동),,생화
353,용해원,053-311-2837,대구,북구,"대구광역시 북구 태전로7길 6(태전동, 1층)",,중식
354,까치산,053-951-1515,대구,북구,대구시 북구 호국로 233(서변동),,돼지갈비
355,유성카토피아,053-351-2771,대구,북구,대구광역시 북구 원대로23길 4(노원동1가),,자동차부분정비
356,우일완구사,053-424-1205,대구,북구,대구광역시 북구 칠성시장로7길 25(칠성동 1가),,완구
357,블루문레스토랑,053-981-8088,대구,동구,대구광역시 동구 파계로 685(중대동),,"양식, 스테이크"
358,꼬꼬하우스,053-956-7851,대구,동구,대구광역시 동구 아양로 53-5(신암동),,"닭똥집튀김,치킨"
359,고은세탁할인점,053-954-5353,대구,동구,"대구광역시 동구 팔공로51길 11, 1층 109호(봉무동)",,세탁서비스
360,홍천뚝배기 본점식당,053-615-0707,대구,달성군,대구광역시 달성군 논공읍 논공로 814,,뼈해장국
361,원조현풍박소선할매집곰탕㈜,053-611-3553,대구,달성군,대구광역시 달성군 현풍읍 현풍중앙로 56-1,,곰탕
362,동곡원조할매손칼국수식당,053-582-0278,대구,달성군,"대구광역시 달성군 하빈면 달구벌대로55길 101, 1층",,손칼국수
363,합천명품시계,053-656-7589,대구,남구,대구광역시 남구 대명로 125(대명동),,시계
364,1969양동통닭,062-364-5410,광주,서구,"광주광역시 서구 천변좌로 260-1, 1층(양동)",,통닭
365,윤성지미용실,062-371-6268,광주,동구,"광주광역시 동구 동계로 38, 123동 1층 12호(산수동)",,미용실
366,라인뷰티샵,062-521-8482,광주,동구,광주광역시 동구 무등로 300(계림동),,미용
367,노틀담&바이슨,062-223-3302,광주,동구,"광주광역시 동구 충장로 58, 1층(충장로4가)",,"기성화, 수제화"
368,국제복장,062-223-9334,광주,동구,광주광역시 동구 충장로 55(충장로4가),,"정장, 양복"
369,기맹례헤어숍,062-675-7689,광주,남구,"광주광역시 남구 백운로 5, 1층(백운동)",,미용
370,삼성영신직매장,062-673-6703,광주,남구,광주광역시 남구 중앙로 85(서동),,가전제품
371,송정떡갈비,062-944-1439,광주,광산구,광주광역시 광산구 광산로29번길 1(송정동),,떡갈비
372,새송정,062-941-3353,광주,광산구,광주광역시 광산구 광산로 31(송정동),,떡갈비
373,강산식당,054-275-9030,경북,포항시,경상북도 포항시 북구 죽도로40번길 21(죽도동),,한식
374,올림픽사,054-247-3377,경북,포항시,경상북도 포항시 북구 중앙상가3길 19-6(상원동),,고급운동용구
375,㈜한미식당,054-974-0390,경북,칠곡군,경상북도 칠곡군 왜관읍 석전로 159,,양식
376,주왕상청솔식당,054-873-8808,경북,청송군,경상북도 청송군 주왕산면 공원길 162,,더덕정식
377,정우숯불가든,054-373-2680,경북,청도군,경상북도 청도군 청도읍 청화로 252,,돼지갈비
378,하눅베이커리,054-332-2255,경북,영천시,경상북도 영천시 강변로 44(금노동),,제과
379,삼송꾼만두,054-333-8806,경북,영천시,경상북도 영천시 중앙동1길 12(문외동),,만두
380,헛제사밥 (맛50년),054-821-2944,경북,안동시,경상북도 안동시 석주로 201(상아동),,헛제사밥
381,서울복어식당,054-857-7051,경북,안동시,경상북도 안동시 태사1길 22(북문동),,복어요리
382,종로서적,054-853-4900,경북,안동시,경상북도 안동시 경북대로 415(옥동),,서적
383,새불고기식당,054-932-9955,경북,성주군,경상북도 성주군 초전면 대고로 22,,소불고기
384,예천가든,054-672-8911,경북,봉화군,경상북도 봉화군 봉성면 진의실길 4-1,,"백숙, 닭불고기"
385,퀼트하우스,054-555-1969,경북,문경시,경상북도 문경시 중앙로 155(점촌동),,수예품
386,부흥농자재,054-571-6356,경북,문경시,경상북도 문경시 가은읍 대야로 2513,,"농약, 종묘"
387,에버그린베이커리,054-956-1602,경북,고령군,경상북도 고령군 대가야읍 중앙로 13-1,,"우리밀빵, 천연효모빵"
388,털보매운탕,054-762-9292,경북,경주시,경상북도 경주시 안강읍 딱실길 14-6,,메기매운탕
389,주식회사 맷돌순두부,054-745-2791,경북,경주시,경상북도 경주시 북군길 7(북군동),,맷돌순두부
390,고바우식당,055-932-7311,경남,합천군,경상남도 합천군 가야면 해인사길 122,,"산채정식, 송이버섯요리"
391,"은혜갈비, 식육식당",055-644-7621,경남,통영시,경상남도 통영시 광도면 죽림4로 23-37,,식육
392,심가네해물짬뽕,055-649-8215,경남,통영시,"경상남도 통영시 새터길 74-4, 1층(서호동)",,중화요리
393,마라도횟집,055-644-2590,경남,통영시,경상남도 통영시 미수해안로 120(미수동),,"회, 매운탕"
394,필헤어클리닉,055-545-2842,경남,창원시,"경상남도 창원시 진해구 충장로 440, 1층(이동)",,미용
395,영진오토,055-758-5009,경남,진주시,경상남도 진주시 강남로 149(칠암동),,자동차관련용품
396,임진각식당,055-256-3535,경남,창원시,경상남도 창원시 의창구 팔용로 515(팔용동),,한식
397,죽림산방,055-374-3392,경남,양산시,경상남도 양산시 상북면 대석2길 13,,약선음식
398,이지단팥빵,055-383-2688,경남,양산시,경상남도 양산시 장터2길 10-1(중부동),,제과
399,덕합반점,055-852-2165,경남,사천시,경상남도 사천시 사천읍 읍내1길 81,,중화요리
400,인혜돌곱창,055-242-7936,경남,창원시,경상남도 창원시 마산합포구 교방천남길 320(오동동),,곱창
401,영신상회,055-246-9686,경남,창원시,경상남도 창원시 마산합포구 남성동 60,,수산물중개업
402,김옥연한복,055-224-1436,경남,창원시,경상남도 창원시 마산합포구 문화남4길 2(월남동3가),,한복
403,시장횟집(한림면),055-342-8000,경남,김해시,경상남도 김해시 한림면 한림로352번길 18,,회
404,시장횟집(무계동),055-314-3206,경남,김해시,경상남도 김해시 무계동 191-10,,회
405,가야양념족발,055-331-7882,경남,김해시,경상남도 김해시 분성로 54(외동),,족발
406,대동목욕탕,055-335-6454,경남,김해시,경상남도 김해시 대동면 동남로85번길 52,,대중탕
407,쌍쌍식육식당,055-943-2428,경남,거창군,경상남도 거창군 가조면 가조가야로 1096,,식육
408,대지식당,031-352-6117,경기,화성시,경기도 화성시 팔탄면 서촌길21번길 8,,"순대국밥, 비빔국수"
409,나래궁,031-223-0300,경기,화성시,경기도 화성시 반정로 151(반정동),,짜장면
410,대영철물,031-351-1078,경기,화성시,경기도 화성시 우정읍 조암남로 19,,철물
411,진미식당,063-856-4422,경기,평택시,경기도 평택시 통복시장2로9번길 15(통복동),,"육회비빔밥, 선지국밥"
412,주식회사 최네집,031-663-8922,경기,평택시,경기도 평택시 경기대로 1401(서정동),,부대찌개
413,대창통닭,031-652-9254,경기,평택시,경기도 평택시 자유로3번길 23(평택동),,옛날통닭
414,보배집,031-941-3660,경기,파주시,"경기도 파주시 시청로 13, 1층(금촌동,  백운빌딩 1층)",,육개장
415,김성래피자,031-636-0856,경기,이천시,경기도 이천시 부발읍 경충대로 2091(161필지),,피자
416,일미만두1981의정부,031-876-1981,경기,의정부시,"경기도 의정부시 평화로 311, 1층전체(호원동)",,만두전골
417,곰보(Gombo),031-848-1755,경기,의정부시,"경기도 의정부시 태평로73번길 20, 나동 1층 44호(의정부동, 의정부제일시장)",,냉면
418,산하식당,031-871-9369,경기,양주시,경기도 양주시 백석읍 기산로 410,,"한우,양갈비,오리"
419,헤어살롱B&G,031-457-3213,경기,안양시,경기도 안양시 동안구 경수대로570번길 9(호계동),,헤어
420,모박사,031-676-1508,경기,안성시,경기도 안성시 대덕면 서동대로 4653,,부대찌개
421,솔로몬베이커리카페,031-486-6064,경기,안산시,"경기도 안산시 단원구 선이로 14, 1120호, 1121호(선부동, 제일종합시장)",,"제과, 카페"
422,현대마트,031-418-1568,경기,안산시,"경기도 안산시 상록구 감골2로 10(사동, 현대2차 분산상가 101호~102호)",,"잡화, 식료"
423,이태리안경,02-888-4849,경기,안산시,"경기도 안산시 단원구 라성로 36, 13-호(원곡동, 반월종합)",,안경
424,흙과사람들,031-318-3822,경기,시흥시,"경기도 시흥시 비둘기공원로 21(대야동 201,202,203)",,한식
425,송탄부대찌개,031-318-5377,경기,시흥시,"경기도 시흥시 시청로68번길 10, 101호(장현동, 봉빈빌딩)",,부대찌개
426,호남순대,031-255-0498,경기,수원시,"경기도 수원시 팔달구 팔달문로 19(지동, A동 5호)",,순대집
427,입주집,031-255-5384,경기,수원시,경기도 수원시 팔달구 팔달문로3번길 37(팔달로1가),,소곱장전문점
428,연포갈비,031-255-1337,경기,수원시,경기도 수원시 팔달구 정조로906번길 56-5(북수동),,갈비집
429,고향순대국,031-241-4924,경기,수원시,경기도 수원시 장안구 수성로370번길 52(영화동),,순대
430,조한약방,031-255-6398,경기,수원시,경기도 수원시 팔달구 정조로 792(팔달로2가),,한약
431,참맛나리아,031-747-2338,경기,성남시,경기도 성남시 수정구 시민로142번길 12-2(신흥동),,찜닭
432,진성삼계탕,031-745-3393,경기,성남시,경기도 성남시 수정구 산성대로255번길 8-5(신흥동),,삼계탕
433,이재영의 삐삐처럼,,경기,성남시,"경기도 성남시 수정구 수정남로268번길 20, 1층(산성동)",,미용실
434,프랑세즈,032-668-1381,경기,부천시,경기도 부천시 경인로 218(심곡본동),,제과제빵
435,복사골뼈다귀해장국,032-342-7895,경기,부천시,경기도 부천시 부일로 713(역곡동),,뼈다귀해장국
436,금미당(금미주얼리),032-655-1632,경기,부천시,경기도 부천시 부흥로 189(중동),,귀금속
437,텍사스바베큐,031-861-3634,경기,동두천시,경기도 동두천시 중앙로 366(생연동),,바베큐치킨
438,진미옥설농탕,02-400-2131,경기,동두천시,경기도 동두천시 생연로 185-1(생연동),,설렁탕
439,동양당(솔앤솔SOLNSOL),031-577-0494,경기,남양주시,경기도 남양주시 와부읍 수레로 2,,"주얼리, 귀금속"
440,수빈관,031-998-9229,경기,김포시,경기도 김포시 통진읍 김포대로 2374,,중식
441,나룻터숯불장어구이,031-981-1071,경기,김포시,경기도 김포시 월곶면 김포대로3023번길 96,,장어
442,양평기름집,031-562-0678,경기,구리시,경기도 구리시 안골로97번길 36(수택동),,기름
443,수양농장가든,031-762-6966,경기,광주시,경기도 광주시 곤지암읍 경충대로 295번길 110-3,,흑염소 요리
444,아이랜드안경,031-901-1991,경기,고양시,경기도 고양시 일산동구 일산로 197(마두동),,안경/콘택트렌즈
445,고향떡집,031-906-1120,경기,고양시,"경기도 고양시 일산동구 일산로 197, 1층 1064, 1065, 1066, 1067호 (마두동, 센터21)",,떡
446,고려분재연구원,02-385-2937,경기,고양시,경기도 고양시 덕양구 서오릉로 334-41(용두동),,"원예,교육,분재"
447,함밭식당,033-343-8900,강원,횡성군,강원도 횡성군 횡성읍 섬강로 88(206-3),,한우전문점
448,조가네,033-343-9925,강원,횡성군,강원도 횡성군 횡성읍 섬강로 347,,"막국수,보쌈"
449,박현자네 더덕밥,033-344-1116,강원,횡성군,강원도 횡성군 횡성읍 횡성로 59,,더덕요리
450,메밀방아용둔막국수,033-342-2695,강원,횡성군,강원도 횡성군 우천면 경강로 2883,,막국수
451,봉평메밀미가연,033-335-8805,강원,평창군,강원도 평창군 봉평면 기풍로 108,,메밀요리
452,휘닉스그린텔,033-333-0091,강원,평창군,강원도 평창군 봉평면 태기로 73,,여관
453,실비막국수,033-254-2472,강원,춘천시,강원도 춘천시 소양고개길 25(소양로2가),,막국수
454,정선면옥,033-562-2233,강원,정선군,강원도 정선군 정선읍 봉양5길 35,,"막국수, 칼국수"
455,민생회관,033-742-2837,강원,원주시,"강원도 원주시 중앙로 46, 1층(중앙동)",,"찜닭, 곤드레밥"
456,동강다슬기,033-374-2821,강원,영월군,강원도 영월군 영월읍 영월로 2105,,다슬기정식
457,양구재래식손두부,033-482-4475,강원,양구군,강원도 양구군 양구읍 학안로 6,,두부전문
458,수원갈비,033-635-2757,강원,속초시,"강원도 속초시 엑스포로1길 28, 1층(조양동)",,갈비
459,돌고래회센터,033-637-5266,강원,속초시,강원도 속초시 대포항희망길 49(대포동),,"물회, 회"
460,천일안경원,033-633-1001,강원,속초시,강원도 속초시 중앙로 122(금호동),,안경
461,부산식당,033-648-3422,강원,강릉시,강원도 강릉시 중앙시장길 22-1(성남동),,소머리국밥
462,명륜당서점,043-731-1990,충북,옥천군,충청북도 옥천군 옥천읍 중앙로 36-1,,서점
463,경진각,043-731-2357,충북,옥천군,충청북도 옥천군 옥천읍 중앙로4길 11번지,,중화요리
464,북일정육,043-221-4594,충북,청주시,충청북도 청주시 청원구 향군로41번길 11-5(우암동),,식육판매
465,남한강횟집,043-851-2544,충북,충주시,충청북도 충주시 동량면 호반로 7,,"매운탕, 비빔회"
466,대림문구사,043-645-2034,충북,제천시,충청북도 제천시 의병대로18길 54(화산동),,문구
467,새재황토방,043-833-5506,충북,괴산군,충청북도 괴산군 연풍면 새재로 1833,,버섯 및 닭요리
468,할머니집식당,043-536-7891,충북,진천군,충청북도 진천군 이월면 화산동길 18,,오리구이
469,토속식당,041-855-4706,충남,공주시,"충청남도 공주시 백미고을길 5-7, 1층(금성동)",,우렁된장찌개
470,조일사진관,041-355-2245,충남,당진시,충청남도 당진시 당진중앙2로 33-19(읍내동),,사진관
471,광천해산물상사,041-641-2515,충남,홍성군,충청남도 홍성군 광천읍 광천로299번길 36,,"새우젓,젓갈류"
472,구두래황토정,041-833-6263,충남,부여군,충청남도 부여군 규암면 백제문로 30,,한우갈비전문
473,구드래돌쌈밥,041-836-9259,충남,부여군,충청남도 부여군 부여읍 나루터로 31,,돌쌈밥
474,보름베이커리,063-855-2125,전북,익산시,전라북도 익산시 인북로6길 7,,제과
475,교동다원,063-282-7133,전북,전주시,전라북도 전주시 완산구 은행로 65-5(교동),,전통차
476,만성한정식,063-284-4141,전북,전주시,전라북도 전주시 완산구 바우배기1길 31-9 2층(효자동2가),,한정식
477,신한양불고기,063-284-7331,전북,전주시,전라북도 전주시 완산구 전주객사3길 11(중앙동 1가),,돼지불고기
478,영흥관,063-284-5628,전북,전주시,전라북도 전주시 완산구 현무1길 17(경원동 3가),,물짜장
479,유한회사한국집,063-284-2224,전북,전주시,전라북도 전주시 완산구 어진길 119(전동),,전주비빔밥
480,반공방첩,032-763-2457,인천,동구,인천광역시 동구 샛골로 128(송림동),,갈비
481,신흥숯불갈비,032-883-7717,인천,중구,인천광역시 중구 서해대로454번길 14-2(선화동),,갈비
482,정자참가자미,052-222-8814,울산,남구,울산광역시 남구 왕생로45번길 3(달동),,참가자미회
483,궁중삼계탕,052-244-1156,울산,중구,울산광역시 중구 먹자거리 6(성남동),,삼계탕
484,조희미용실,052-244-9507,울산,중구,울산광역시 중구 학성로 114(옥교동),,미용실
485,향호면옥,02-406-0422,서울,송파구,"서울특별시 송파구 마천로 79(오금동, 장한빌딩)",,"칼국수, 만두"
486,청수장,02-913-6176,서울,성북구,"서울특별시 성북구 정릉로 237-2(정릉동, 1층)",,"돼지갈비, 냉면"
487,금강바베큐,02-511-0976,서울,서초구,"서울특별시 서초구 사평대로 349,201호(반포동)",,바베큐치킨
488,뚱뚱이할머니집,02-2279-2714,서울,중구,서울특별시 중구 장충단로 174-1(장충동1가),,족발
489,노라노패션학원,02-744-1300,서울,종로구,"서울특별시 종로구 종로 393-1, 4층(숭인동, 4층 503호)",,패션학원
490,포도나무,02-732-1220,서울,종로구,"서울특별시 종로구 사직로 108-1, 1층(내자동)",,짱뚱어탕
491,평양옥,02-363-7058,서울,서대문구,서울특별시 서대문구 통일로 107-23(미근동),,"닭곰탕, 닭백숙, 해신탕"
492,태화육개장,051-802-5995,부산,부산진구,"부산광역시 부산진구 서면문화로 18(부전동, 1층)",,육개장
493,엠투,051-808-0066,부산,부산진구,"부산광역시 부산진구 부전로 162번길 28, 서면종합시장 2층 216호",,"악기, 음향, 앰프"
494,아리랑전자,051-805-6868,부산,부산진구,"부산광역시 부산진구 부전로 196, 99호(부전동, 부산전자상가1층)",,가전제품
495,현음악기,051-248-7422,부산,중구,부산광역시 중구 남포길 45-2(남포동2가),,"악기, 도서, 관현악수리"
496,유니마트한우전문점,051-341-8884,부산,북부,부산광역시 북부 구포시장1길 10(구포동),,정육점
497,송학사,051-643-2400,부산,동구,"부산광역시 동구 범일로 95, 1층(범일동, 1층)",,"혼수용품, 공예품, 한지"
498,산장가든,044-867-3333,세종,연서면,세종특별자치시 연서면 도신고복로 1131-7(32),,돼지갈비
499,부강옥,044-866-3362,세종,부강면,세종특별자치시 부강면 부강외천로 103,,순대국밥
500,은용골농장가든,044-858-5292,세종,장군면,세종특별자치시 장군면 은용2길 71,,숯불오리고기
501,둔산꽃백화점,042-471-5041,대전,유성구,대전광역시 유성구 노은동 138-6,,화훼
502,소백산생고기식당,054-632-6784,경북,영주시,경상북도 영주시 대학로 16(휴천로),,생고기
503,한결청국장,054-636-3224,경북,영주시,경상북도 영주시 풍기읍 인삼로 1-1,,청국장
504,스쿨서점,054-631-2227,경북,영주시,경상북도 영주시 번영로 163(영주동),,서적
505,영천목탁공예사,054-334-9757,경북,영천시,"경상북도 영천시 새미1길 13, 1층(인하동)",,목공
506,THE MAYA(더 마야),054-772-4230,경북,경주시,경상북도 경주시 동성로111번길 7(노동동),,미용실
507,삼영식당,054-771-3030,경북,경주시,경상북도 경주시 봉황로 67,,복어 요리
508,주식회사 영양숯불갈비,054-771-2626,경북,경주시,경상북도 경주시 봉황로 79(서부동),,한우갈비살 구이
509,꽃수레,054-283-0025,경북,포항시,경상북도 포항시 남구 상도로 58(상도동),,생화 및 화훼판매 디자인
510,동양카정비,054-244-8080,경북,포항시,경상북도 포항시 북구 장량주택로4번길 2(양덕동),,자동차부품정비
511,고령금산한우성산점,054-956-4484,경북,고령군,경상북도 고령군 성산면 성산로 946-5,,한우구이
512,효령매운탕,054-383-9088,경북,군위군,경상북도 군위군 효령면 치산효령로 2267-8,,민물매운탕
513,보금이용소,054-441-2882,경북,구미시,경상북도 구미시 형곡서로 20(형곡동),,이용업
514,금오산고향촌식당,054-455-3010,경북,구미시,경상북도 구미시 남통동 금오산상가길 35-11,,"산채한정식, 한방오리백숙"
515,순흥당한약방,054-857-7792,경북,안동시,경상북도 안동시 번영3길 11(천리동),,한약재료
516,경상도추어탕,054-857-9341,경북,안동시,경상북도 안동시 태사길 23-3(북문동),,추어탕
517,갈비둥지로,053-526-7775,대구,달서구,대구광역시 달서구 대명천로 198(본리동),,"돼지갈비, 소갈비"
518,큰나무집 궁중약백숙,053-793-2000,대구,달성군,대구광역시 달성군 가창면 우록길 24(외2필지),,"궁중약백숙, 궁중장아찌"
519,해금강,053-954-2323,대구,동구,"대구 동구 신암남로 133. 1,2층",,복어요리
520,임가네,062-941-5705,광주,광산구,광주광역시 광산구 사암로130번길 69(우산동),,전통한우고기
521,무궁화유리점,062-944-3593,광주,광산구,광주광역시 광산구 광산로 1-2(송정동),,유리제품
522,진성공예,061-383-3939,전남,담양군,전라남도 담양군 담양읍 죽향문화로 35 (죽물박물관602호),,죽제품
523,주몽가든맛집,061-337-6363,전남,나주시,전라남도 나주시 왕곡면 예향로 3683,,한방삼계탕
524,금농상회,062-266-6402,광주,북구,광주광역시 북구 동문대로 83-1(우산동),,"고추, 마늘, 참깨, 곡물 "
525,코벤트,062-522-8855,광주,서구,광주광역시 서구 마륵동 173-41,,생화
526,문경정 짱뚱어탕 전문점,062-364-3459,광주,서구,광주광역시 서구 농성동 641-28,,짱퉁어탕
527,문미영헤어컬렉션,062-372-0629,광주,서구,광주광역시 서구 염화로40번길 18(화정동),,미용업
528,향토집,055-645-4808,경남,통영시,경상남도 통영시 무전5길 37-41(무전동),,굴요리
529,부일식당,032-522-1700,경남,통영시,경상남도 통영시 서호시장길 45(서호동),,한식
530,불암정,055-336-6463,경남,김해시,"경상남도 김해시 식만로348번길 33(불암동,가동 1층)",,"장어구이, 메기탕"
531,보림사진관,055-336-3675,경남,김해시,경상남도 김해시 호계로 425(부원동),,"촬영, 인화, 사진재료"
532,무척산관광농원,055-338-2323,경남,김해시,경상남도 김해시 생림면 안양로 358번길 38,,"농산물판매, 숙박"
533,노블레스헤어,055-312-3185,경남,김해시,"경상남도 김해시 계동로 102번길 27, 205호(대청동, 울트라상가)",,"미용, 가발"
534,살롱제나,055-753-1929,경남,진주시,"경상남도 진주시 충의로 20-26, 1층 102호(충무공동, 백두빌딩)",,일반미용업
535,빅토리애드벌룬,055-748-6969,경남,진주시,경상남도 진주시 진주성로 183번길 22(상봉동),,광고물
536,미래특수통닭,055-833-8687,경남,사천시,경상남도 사천시 팔포3길 3(서금동),,치킨
537,주노미용실,055-533-7896,경남,창녕군,경상남도 창녕군 창녕읍 자련길 26-1,,일반미용업
538,우창식품,055-242-7805,경남,창원시,경상남도 창원시 마산합포구 어시장7길 53(남성동),,젓갈제조가공
539,동전집,055-546-3553,경남,창원시,경상남도 창원시 진해구 충장로 88(충무동),,돼지김치구이
540,여명본점,031-366-4466,경기,화성시,경기도 화성시 정남면 세자로303번길 11-8,,"간장게장, 보리굴비, 꼬막장"
541,충남식당,0507-1334-6178,경기,구리시,경기도 구리시 안골로97번길 49-1(수택동),,추어탕
542,호평열쇠도장,031-591-1944,경기,남양주시,"경기도 남양주시 경춘로1256번길 25, 1층 118호(평내동, CH리베로2)",,"열쇠, 도장"
543,영주자동차공업사,031-592-8213,경기,남양주시,경기도 남양주시 화도읍 수레로 1111,,자동차부분정비업
544,부곡통닭집,031-461-8451,경기,의왕시,경기도 의왕시 부곡시장길 17(삼동) 1층,,치킨
545,우리밀칼국수,032-884-9083,경기,안산시,경기도 안산시 단원구 대부황금로 1361(대부북동),,바지락칼국수
546,지앤지오(G&GO)말글터,033-641-3000,강원,강릉시,강원도 강릉시 문화의길 9(임당동),,서적 및 인쇄물
547,영동횟집,033-652-6384,강원,강릉시,강원도 강릉시 창해로 350번길 37(강문동),,"잡어회, 짬뽕물회, 우럭미역국"
548,대원당,033-254-8187,강원,춘천시,"강원도 춘천시 퇴계로 183(석사동, 1층)",,제빵
549,봄담은산채,033-252-5313,강원,춘천시,강원도 춘천시 우묵길70번길 21(퇴계동),,산채오리전골
550,희망통닭,051-555-0073,부산,동래구,부산광역시 동래구 명륜로98번길 94(낙민동),,치킨
551,화랑궁회관,062-224-1800,광주,동구,광주광역시 동구 구성로204번길 23(대인동),,"한우육회, 육회비빔밥 "
552,홍두깨,031-535-7973,경기,포천시,"경기도 포천시 호국로 1435 (어룡동, 410)",,"손칼국수, 만두, 부대찌개"
553,혼수타운,032-651-8198,경기,부천시,경기도 부천시 자유로47(심곡본동),,"한복맞춤, 침장"
554,호원당,02-511-0855,서울,강남구,서울특별시 강남구 압구정로 34길 26(신사동),,"두텁떡, 만두과"
555,향옥정,055-336-6283,경남,김해시,경상남도 김해시 김해대로 2787-19 (불암동),,장어요리
556,함씨네토종콩식품,063-211-7955,전북,전주시,전라북도 전주시 덕진구 신복5길 10 1층,,"두부, 두유, 청국장환"
557,한울이미용실,062-222-7894,광주,동구,광주광역시 동구 동명로67번길 17(지산동),,미용
558,한양모사,062-223-6119,광주,동구,광주광역시 동구 충장로 35-1(충장로5가),,"실류, 뜨개용품"
559,한밭식당,041-641-2312,충남,홍성군,충청남도 홍성군 광천읍 광천로 299번길 6-1,,한우불고기
560,한려곰장어,055-646-7633,경남,통영시,경상남도 통영시 정동4길 57 (정량동) ,,"곰장어구이, 자연산매운탕"
561,풍년기름집,02-2232-2501,서울,중구,서울특별시 중구 퇴계로 83길 10-12(황학동),,"참기름, 들기름"
562,포항할매집,054-334-4531,경북,영천시,"경상북도 영천시 시장4길 52, 제 2지구(완산동)",,"소머리국밥, 수육"
563,편대장 영화식당,054-334-2655,경북,영천시,경상북도 영천시 금노동 582-3,,한우육회
564,통만두집,061-664-1060,전남,여수시,전라남도 여수시 통제영4길 12(중앙동),,만두요리
565,태양하우스마트,061-333-3507,전남,나주시,전라남도 나주시 이창1길 16(이창동),,"식품, 잡화"
566,칡산에,033-742-0210,강원,원주시,강원도 원주시 금불4길 25-5(단계동),,"족발, 보쌈"
567,청하,062-223-7037,광주,동구,광주광역시 동구 충장로 45-12,,"회, 수산물"
568,"청주왕족발, 보쌈",043-534-0492,충북,진천군,충청북도 진천군 진천읍 중앙서로 21,,"족발, 보쌈"
569,천일식당,061-535-1001,전남,해남군,전라남도 해남군 해남읍 읍내길 20-8,,"떡갈비정식, 불고기정식"
570,진미정육점,031-976-3101,경기,고양시,경기도 고양시 일산서구 일청로 12번길 9(일산동),,식육
571,지리산식당,061-782-4054,전남,구례군,"전라남도 구례군 마산면 화엄사로 381, 1층",,산채정식
572,㈜해운대암소갈비집,051-746-0033,부산,해운대구,부산광역시 해운대구 중동2로10번길 32-10(중동),,"생갈비, 양념갈비"
573,㈜한일관,1577-9963,서울,강남구,서울특별시 강남구 압구정로 38길 14(신사동),,등심불고기구이
574,㈜여의도떡방,02-568-2050,서울,강남구,"서울특별시 강남구 삼성로 150(대치동, 미도상가 지하1층 17,18,19,82,83호",,"두텁떡, 찹쌀떡"
575,주식회사 예향,061-433-5777,전남,강진군,"전라남도 강진군 강진읍 오감길2, 3동",,한정식
576,주식회사 명가막국수,033-241-8443,강원,춘천시,강원도 춘천시 신북읍 상천 3길 8,,막국수
577,㈜배나무골,02-571-5252,서울,서초구,서울특별시 서초구 마방로 2길 12(양재동),,오리한정식
578,㈜덕화푸드,051-265-8163,부산,서구,"부산광역시 서구 원양로 35, 3층(암남동, 도매장동) ",,명란젓
579,정금주한복연구실,02-503-0845,경기,과천시,"경기도 과천시 별양상가2로 20(별양동, 새서울프라자2층 14호, 62호)",,한복맞춤
580,전남의료기상사,0507-1313-7803,광주,동구,광주광역시 동구 중앙로 173(충장로4가),,의료기기
581,장흥식품 우신계란,061-863-2294,전남,장흥군,전라남도 장흥군 장흥읍 충열교촌길 8-9,,"젓갈, 절임식품, 달걀"
582,일월정 토속한정식,053-615-0855,대구,달성군,대구광역시 달성군 논공읍 논공로 697-5,,"한정식, 삼계탕"
583,일성사양복점,051-644-4123,부산,부산진구,부산광역시 부산진구 범일로 142번길 25(범천동),,양복
584,삼대 인천게장,032-766-0826,인천,동구,인천광역시 동구 금곡로81번길 22 (송림동),,간장게장
585,을밀대,02-717-1922,서울,마포구,"서울특별시 마포구 숭문길 22-3 (염리동, 1층) 147-5,147-6,147-7",,평양냉면 
586,유진테일러,061-244-3242,전남,목포시,전라남도 목포시 영산로 78-1,,"양복제조, 소매"
587,유림국기상패사,063-246-4273,전북,전주시,전라북도 전주시 덕진구 심방죽로 35(인후동2가 11-10),,"상패, 명찰제조"
588,운채,033-747-1993,강원,원주시,강원도 원주시 고문골길 47(행구동),,"강원나물밥, 뽕잎황태밥"
589,용문마트,031-792-7350,경기,하남시,경기도 하남시 역말로 26 1층(덕풍동),,"신선식품, 잡화"
590,온천골,053-814-0010,경북,경산시,경상북도 경산시 계양로 175(계양동),,한우국밥
591,옛집,053-554-4498,대구,중구,"대구광역시 중구 달성공원로 6길 48-5, 48-7(시장북로)",,육개장
592,영광굴비,061-352-2863,전남,영광군,전라남도 영광군 영광읍 신남로3길 11-2,,굴비
593,연화정삼계탕,053-526-8380,대구,달서구,대구광역시 달서구 구마로 116,,삼계탕
594,여정식당여문점,061-652-8878,전남,여수시,전라남도 여수시 여문문화길 56(문수동),,"아귀요리, 서대회"
595,에이큐양복점,031-666-4786,경기,평택시,"경기도 평택시 쇼핑로 6-2(신장동, 1층)",,수제양복
596,양평명품한우,0507-1308-6282,경기,양평군,경기도 양평군 양평읍 양평장터길 5,,"솥뚜껑삼겹살, 한우"
597,양지말화로구이,033-435-7533,강원,홍천군,강원도 홍천군 홍천읍 양지말길 17-4,,고추장 화로구이
598,양산꽃화원,0507-1403-1188,경남,양산시,"경상남도 양산시 고향의봄1길 8, 101호(신기동)",,"꽃배달, 제단장식"
599,약콩밀면,051-611-1231,부산,남구,"부산광역시 남구 용호로 97번길 6, 1층(용호동)",,"밀면, 칼국수"
600,안경나라콘택트,063-464-0606,전북,고창군,전라북도 고창군 고창읍 남정1길 1,,"안경, 렌즈"
601,심순녀안흥찐빵,033-342-4460,강원,횡성군,강원도 횡성군 안흥면 서동로 1029,,찐빵
602,신락원,02-2244-0008,서울,동대문구,서울특별시 동대문구 전농로20길 2 1층(전농동),,"유니짜장, 신락면"
603,신길안경원,02-833-5022,서울,영등포구,서울특별시 영등포구 도신로 64길 1(신길동),,"안경, 렌즈"
604,쉐프부랑제,031-998-1313,경기,김포시,"경기도 김포시 사우중로 82 (사우프라자 108,109호)",,"수제쌀단팥빵, 마약쿠키"
605,송월관,031-865-2428,경기,동두천시,경기도 동두천시 큰시장로 28-10(생연동),,떡갈비
606,송림병,,경기,고양시,"경기도 고양시 일산서구 대화로 130, 104호(대화동, 한내프라자)",,떡
607,송도갈매기주식회사,032-831-8655,인천,연수구,인천광역시 연수구 능허대로151번길 25 (옥련동),,전통갈매기 숯불구이 
608,성심예공원,02-715-3342,서울,용산구,서울특별시 용산구 만리재로 174 (서계동),,목재창호
609,산중식당,053-982-0077,대구,동구,대구광역시 동구 용수동 59-5,,곤드레정식
610,산삼장어구이 앤 시장횟집,055-352-6166,경남,밀양시,경상남도 밀양시 영남루2길 5(내일동),,산삼장어구이
611,부산한복,032-765-2119,인천,동구,인천광역시 동구 중앙로 65-1(송현동),,한복
612,봉우맛집,043-844-0354,충북,충주시,충청북도 충주시 봉현로 80(봉방동),,"삼겹살, 올갱이해장국"
613,봉담디지털스튜디오,031-227-3570,경기,화성시,경기도 화성시 봉담읍 삼천병마로 1276,,사진촬영
614,보안당안경,031-975-8448,경기,고양시,경기도 고양시 일산서구 일청로 10(일산동),,"안경, 렌즈"
615,벨라헤어,055-742-6313,경남,진주시,"경상남도 진주시 중안동 12-17, 2층",,미용
616,맥아당,043-265-0404,충북,청주시,충청북도 청주시 서원구 사운로 88,,"청주직지빵, 청남대빵"
617,마포나루(1호점),02-712-6822,서울,마포구,"서울특별시 마포구 마포대로 68(도화동, 마포아크로타워 B01호, B02호)",,"닭찜, 갈비찜"
618,마라도회식당,054-251-3850,경북,포항시,경상북도 포항시 북구 해안로 217-1(두호동),,"물회, 회"
619,두암음식점,061-452-3775,전남,무안군,전라남도 무안군 몽탄면 사창리 697-2,,짚불삼겹살
620,동화가든짬뽕순두부,033-652-9885,강원,강릉시,강원도 강릉시 초당순두부길77번지 15(초당동),,"짬뽕순두부, 순두부젤라또"
621,동아수산(유한),031-425-0096,경기,안양시,경기도 안양시 동안구 흥안대로 313(평촌동),,수산물 도매
622,동봉,053-554-8080,대구,동구,"대구광역시 동구 팔공로 995, 1층(백안동)",,"막구이, 돼지갈비"
623,동궁염소탕,033-651-8769,강원,강릉시,강원도 강릉시 강릉대로419번길 17(포남동),,염소탕
624,대우족발,053-354-1637,대구,북구,대구광역시 북구 중앙대로 509-1(칠성동2가),,족발
625,농업회사법인 킴스어페드㈜,042-822-3007,대전,유성구,대전광역시 유성구 한밭대로259번길 21(노은동),,꽃집
626,남양스튜디오,055-245-0548,경남,창원시,경상남도 창원시 마산합포구 장장군로 31-23(장군동4가),,사진촬영
627,낙원떡방앗간,032-885-0130,인천,미추홀구,인천광역시 미추홀구 용삼길 60-1(용현동),,떡
628,길목식당,055-648-1348,경남,통영시,경상남도 통영시 정량동 950-1 ,,"아귀찜, 아귀내장수육"
629,금양정,063-223-5566,전북,전주시,전라북도 전주시 완산구 어은로 30(중화산동 2가),,"한정식, 소고기"
630,귀부인주단,062-223-1131,광주,동구,광주광역시 동구 충장로 35-2(충장로5가),,"일반한복지, 주단"
631,군포식당,031-452-0025,경기,군포시,경기도 군포시 군포로 556번길 6 (당동),,설렁탕
632,구강춘,055-343-2157,경남,김해시,경상남도 김해시 진영읍 진영리 253-20,,중식
633,광성TV,061-322-6550,전남,함평군,"전라남도 함평군 학교면 학다리길 314, 1층",,전자제품
634,경화춘,055-326-5168,경남,김해시,경상남도 김해시 분성로335번길 8-1(동상동),,중식
635,갯바위,031-396-3356,경기,군포시,"경기도 군포시 산본로323번길 16-7, 113호(산본동, 롯데프라자)",,회
636,가포옛날영도집,055-246-9294,경남,창원시,경상남도 창원시 마산합포구 가포해안길 37(가포동),,장어요리
637,가족회관,063-284-0982,전북,전주시,전라북도 전주시 완산구 전라감영5길 17(중앙동 3가),,전주비빔밥
638,에이치에스디아이,043-842-1110,충북,충주시,충청북도 충주시 목행초길7,,종합디자인
639,봉서식당,043-853-6025,충북,충주시,충청북도 충주시 산척면 월현길 20,,흑염소 요리
640,갈마가든,043-851-8026,충북,충주시,충청북도 충주시 살미면 용천리 246,,"칡냉면, 해물만두전골, 두부"
641,질고개쌈밥,043-645-6755,충북,제천시,충청북도 제천시 용두대로 31길 55(신월동),,쌈밥
642,충대구내이용원,043-267-3109,충북,청주시,"충청북도 청주시 서원구 개신동 150, 제1학생회관 3층",,이미용
643,마라도일식,043-535-7800,충북,진천군,"충청북도 진천군 광혜원면 구암길 30, 1층",,"참치회,회,복국 "
644,곰가내,043-532-0767,충북,진천군,충청북도 진천군 백곡면 구수리 76-2,,곰진지영양돌솥밥
645,이재천헤어샵,043-836-4290,충북,증평군,"충청북도 증평군 증평읍 중앙로 220, 2층",,이미용
646,광천원조어죽,041-641-2572,충남,홍성군,충청남도 홍성군 광천읍 광천로329번길 24,,어죽
647,신은수참병천순대집,041-561-0151,충남,천안시,충청남도 천안시 동남구 병천면 아우내순대길9,,"순대볶음, 순대국밥"
648,진미식당,063-856-4422,충남,서천군,충청남도 서천군 판교면 현암리 255-1,,"육회비빔밥, 선지국밥"
649,황해쌀상회,041-668-2188,충남,서산시,충청남도 서산시 동문동 900 장옥 B동 117-118. 132-135,,"양곡, 잡곡"
650,이남례전통한복,041-665-3303,충남,서산시,충청남도 서산시 번화3길 21-1,,"한복, 포목"
651,주식회사태능초가집갈비,041-732-2111,충남,논산시,충청남도 논산시 중앙로 398번길7-7,,"돼지갈비, 소불고기"
652,박가네집,041-753-8033,충남,금산군,충청남도 금산군 금산읍 남사직6길 33,,한우
653,초가집,041-856-7997,충남,공주시,충청남도 공주시 먹자1길 19-1,,"칼국수, 비빔칼국수"
654,명성불고기집,041-841-2064,충남,공주시,충청남도 공주시 유구읍 중앙1길 107,,"불고기, 냉면"
655,옹포별장가든,064-796-3146,제주,제주시,제주특별자치도 제주시 한림읍 한림상로 24,,"전복돌솥밥, 돔베고기 수육"
656,로뎀나무,064-746-1237,제주,제주시,제주특별자치도 제주시 삼무로 82(연동),,"생화,화분 "
657,서선민헤어,063-532-8938,전북,정읍시,"전라북도 정읍시 조곡천1길 56-1, 1층",,"미용, 미용재료"
658,한일관본점,063-225-1569,전북,전주시,전라북도 전주시 완산구 어은로 48(중화산동2가),,"비빔밥정식, 콩나물국밥"
659,한양불고기,063-228-8011,전북,전주시,전라북도 전주시 완산구 우전2길 6(효자2가),,콩나물불고기
660,여성시대헤어익산롯데마트점,063-853-0044,전북,익산시,전라북도 익산시 무왕로 1053(영등동 롯데마트 3층),,미용
661,줄포수산,063-584-9004,전북,부안군,전라북도 부안군 진서면 곰소항길 82-1,,수산물
662,흥부골남원추어탕,063-636-5686,전북,남원시,전라북도 남원시 인월면 천왕봉로 62-8,,추어탕
663,세종헤어,063-625-4264,전북,남원시,전라북도 남원시 의총로 70,,"염색, 올림머리, 미용"
664,새집,063-625-2443,전북,남원시,전라북도 남원시 요천로 1397,,추어탕
665,일흥옥,063-445-3580,전북,군산시,"전라북도 군산시 구영7길 25(월명동, 일흥옥)",,콩나물국밥
666,유정초밥,063-445-9844,전북,군산시,전라북도 군산시 대학로 6-4,,"초밥, 일식"
667,명월갈비,063-445-8283,전북,군산시,전라북도 군산시 구영7길 59,,소갈비
668,한일침구사,061-322-2563,전남,함평군,전라남도 함평군 함평읍 중앙길 97,,"한복, 침구류"
669,원앙떡집,061-394-7708,전남,장성군,전라남도 장성군 장성읍 영천로 119-1,,"영양떡, 새싹삼인절미, 쑥인절미"
670,까치식당,061-652-4346,전남,여수시,전라남도 여수시 여문문화길 76(문수동),,"아귀탕, 아귀대창찜, 아귀찜"
671,(유)금성상회,061-662-6762,전남,여수시,전라남도 여수시 여객선터미널길 20-22(교동),,"멸치, 건어물"
672,대진수리사,061-275-0223,전남,신안군,전라남도 신안군 지도읍 읍내리 168,,가전제품 수리
673,일성의류타운,061-743-1486,전남,순천시,전라남도 순천시 풍덕주택길 27(덕암동),,"의류, 잡화"
674,온정떡집,061-752-7354,전남,순천시,전라남도 순천시 북문길 11(매곡동),,떡
675,건봉국밥,061-752-0900,전남,순천시,전라남도 순천시 장평로 65(인제동),,"국밥, 머리국밥"
676,서울순대,061-242-7548,전남,목포시,전라남도 목포시 수문로 43-1(남교동),,"순대, 해장국"
677,삼강옥,032-772-7885,인천,중구,인천광역시 중구 참외전로 158번길 1,,"설렁탕, 도가니탕"
678,부흥상회,032-522-6893,인천,부평구,"인천광역시 부평구 부흥로 304번길 27, 라동 1호",,건어물
679,부평복음서점,032-503-9062,인천,부평구,인천광역시 부평구 시장로 12,,"서적, 건강기능식품"
680,황해모밀냉면,032-464-8349,인천,남동구,인천광역시 남동구 구월말로 92,,황해도식 순메밀냉면
681,작전건어물,032-545-3825,인천,계양구,인천광역시 계양구 작전시장로 20,,건어물
682,시장정육점,032-542-2236,인천,계양구,인천광역시 계양구 작전시장로 15,,식육
683,찬우정,032-933-1020,인천,강화군,"인천광역시 강화군 선원면 중앙로 322, 1층",,"감자탕, 젓갈"
684,연안정육점,032-932-4023,인천,강화군,인천광역시 강화군 교동면 대룡안길 54번길 44-10,,육류
685,임병용명인의활진복어요리연구소,052-234-1080,울산,동구,울산광역시 동구 주전해안길 136(주전동),,복어요리
686,오세철헤어드레스,052-249-2235,울산,남구,"울산광역시 남구 대학로147번길 63(무거동, 삼익)",,"곱슬머리 전문, 두피케어"
687,농업회사법인주식회사한씨떡집,0507-1402-4272,세종,부강면,세종특별자치시 부강면 오대길9,,전통떡류
688,유천냉면,02-477-6767,서울,송파구,서울특별시 송파구 강동대로3길 22,,칡냉면
689,태조집태조감자국성신여대점,02-921-7667,서울,성북구,서울특별시 성북구 보문로 34길 43,,감자탕
690,㈜대신제과,02-921-1454,서울,성북구,서울특별시 성북구 아리랑로 32,,호두과자
691,나폴레옹과자점,02-744-2266,서울,성북구,서울특별시 성북구 성북로 7,,"통단팥빵, 크림빵, 치즈빵"
692,수원상회,02-2254-7236,서울,동작구,서울특별시 동작구 노들로 674,,수산물
693,장안정,02-2246-6574,서울,동대문구,서울특별시 동대문구 답십리로 91-3,,"돈까스, 함박스테이크"
694,만두라,02-808-8982,서울,금천구,서울특별시 금천구 시흥대로 97,,만두
695,두부박사,02-808-5585,서울,금천구,서울특별시 금천구 금하로25길 10,,두부
696,서북면옥,02-457-8319,서울,광진구,서울특별시 광진구 자양로 199-1,,평양냉면
697,광나루순대,02-457-9127,서울,광진구,서울특별시 광진구 아차산로 624,,"아바이순대, 가자미식해"
698,㈜쟝블랑제리,02-889-5170,서울,관악구,서울특별시 관악구 낙성대역길 8,,"단팥빵, 맘모스빵"
699,의정부부대찌개,02-980-8068,서울,강북구,서울특별시 강북구 도봉로 6길 12,,부대찌개
700,엘림식품,02-990-4473,서울,강북구,서울특별시 강북구 수유3동 175-56,,두부
701,신흥마트,02-904-4455,서울,강북구,서울특별시 강북구 한천로144길 35,,잡화
702,길왕성테일러,051-263-3300,부산,사하구,부산광역시 사하구 윤공단로14번길 17(다대동),,맞춤양복
703,파밀리아제과점,051-326-7671,부산,사상구,"부산광역시 사상구 대동로 101, 1층(학장동)",,"몽블랑, 에그타르트, 후랑크포카치아"
704,곰보식당,051-304-7733,부산,사상구,부산광역시 사상구 낙동대로 1564(삼락동),,"육회비빔밥, 한우요리"
705,세잔안경원,051-337-3431,부산,북구,"부산광역시 북구 시랑로 96, 7호(구포동)",,안경
706,진주추어탕,051-581-6993,부산,금정구,부산광역시 금정구 안뜰로7번길 40(구서동),,추어탕
707,시쥬,042-222-5252,대전,중구,"대전광역시 중구 중앙로 지하 145(선화동, 지하상가 C 가-12,13)",,"음료, 간식"
708,로쏘주식회사(성심당),042-220-4150,대전,중구,대전광역시 중구 대종로480번길 15(은행동),,"튀김소보로, 부추빵"
709,나이테플라워,042-581-1475,대전,중구,대전광역시 중구 대둔산로 384(산성동),,"생화, 분화"
710,㈜장충동왕족발,043-266-3300,대전,유성구,"대전광역시 유성구 계룡로141번길29-25, 2층(봉명동, 더블유성공비즈니스센터)",,식품가공(족발)
711,솔밭묵집,042-935-5686,대전,유성구,대전광역시 유성구 관용로 51,,묵요리
712,태화장,042-256-2407,대전,동구,대전광역시 동구 중앙로 203번길78,,중화요리
713,코스모스북,053-253-8311,대구,중구,대구 중구 중앙대로65길 11,,중고서적
714,최원프리모,053-522-9000,대구,서구,"대구 서구 달구벌대로 1863, 2층(내당동)",,가발
715,싱글벙글숯불막창식당,053-959-3006,대구,북구,대구 북구 복현동 401-5,,막창
716,최정자백년식당,053-352-4143,대구,북구,"대구 북구 원대로 113, 1층(노원동1가)",,"다슬기토장탕, 추어탕, 버섯전골"
717,자인방앗간,053-526-9315,대구,달서구,"대구 달서구 당산로 35, 바동 2호(달서시장)",,찹쌀떡
718,버들식당,053-656-1991,대구,달서구,대구 달서구 두류공원로28길 8,,곱창전골
719,에덴미용아트,062-525-1963,광주,북구,광주광역시 북구 신흥로 25,,미용
720,천지헤어,062-226-6912,광주,동구,광주광역시 동구 중앙로 196번길 32 1층,,미용
721,아이샵안경원,062-222-0610,광주,동구,광주광역시 동구 제봉로 102,,안경
722,남영숙플라워&아트,062-261-7288,광주,동구,광주광역시 동구 금남로 172,,"생화,화훼"
723,진월카센타,062-675-3155,광주,남구,광주광역시 남구 화산로 25,,자동차 정비
724,내고향흑염소,062-673-1558,광주,남구,광주광역시 남구 백양로 65-1,,"흑염소, 삼계탕"
725,화정떡갈비,062-944-1275,광주,광산구,광주광역시 광산구 광산로 29번길 6(송정동),,떡갈비
726,화신종묘사,062-944-5544,광주,광산구,광주광역시 광산구 상무대로257,,"농약, 비료, 종묘"
727,화신MTB수완점,062-942-6140,광주,광산구,광주광역시 광산구 장신로 45(장덕동,,"자전거, 자전거용품"
728,춘천닭갈비,054-291-5190,경북,포항시,경상북도 포항시 남구 동해면 호미로 3065-1 (임곡리),,닭갈비
729,자금성반점,054-274-9109,경북,포항시,경상북도 포항시 남구 중앙로41번길 6(해도동),,"부추짜장면, 부추탕수육"
730,왕돼지갈비식당,054-283-0645,경북,포항시,경상북도 포항시 남구 송도로 34(송도동),,돼지갈비
731,시민제과,054-249-2331,경북,포항시,경상북도 포항시 북구 불종로 48(대흥동),,"단밭빵, 정구지퐝, 찹쌀떡"
732,삼육식당,054-292-3999,경북,포항시,경상북도 포항시 남구 오천읍 문덕로43번길 6-4(문덕리),,닭냉국수
733,88수족관,054-274-3037,경북,포항시,경상북도 포항시 남구 상공로 252(해도동),,"관상어, 수족관"
734,동양순대,054-632-8440,경북,영주시,경상북도 영주시 중앙로83번길 33,,순대
735,현악기사,054-857-4540,경북,안동시,경상북도 안동시 서동문로 107,,"악기, 음향기기"
736,옥류관면옥,054-853-8484,경북,안동시,경상북도 안동시 문화광장길 40-11,,"문어비빔냉면, 세끼미냉면"
737,맛우짜,054-857-7217,경북,안동시,경상북도 안동시 대안로 174,,"된장짜장, 안동찜닭짜장"
738,까치구멍집,054-821-1056,경북,안동시,경상북도 안동시 상아동 513-1,,헛제사밥
739,경북유통,054-533-1121,경북,상주시,경상북도 상주시 삼백로 162-1,,자동판매기
740,브이아이피테일러(양복점),054-452-4058,경북,구미시,경상북도 구미시 구미중앙로 133(원평동),,"맞춤양복, 넥타이"
741,대화털실,054-772-9056,경북,경주시,경상북도 경주시 화랑로 139-48,,뜨개용품
742,뜰안,053-818-6464,경북,경산시,경상북도 경산시 압량읍 대학로 361,,"경산대추떡갈비, 경산대추불고기"
743,한산섬식당,055-642-8330,경남,통영시,"경상남도 통영시 정동4길 58(정량동, 1층)",,"뽈락매운탕, 뽈락구이"
744,한려갈비,055-641-2234,경남,통영시,경상남도 통영시 해방다리1길 11-5(서호동),,돼지갈비
745,무진장횟집,055-644-7536,경남,통영시,"경상남도 통영시 도천상가안길 60, 상가102호(도천동, 영생상가아파트2차)",,활어회
746,거북당제과,055-645-5950,경남,통영시,"경상남도 통영시 통영해안로 368, 1층 101호(동호동)",,꿀빵
747,아름다운안경가,055-282-6560,경남,창원시,"경상남도 창원시 의창구 원이대로 587, 105호(용호동, 정우상가)",,안경
748,삼도왕족발보쌈,055-545-8747,경남,창원시,경상남도 창원시 진해구 중원동로 84(충무동),,"족발, 보쌈"
749,미화횟집,055-526-2515,경남,창녕군,경상남도 창녕군 남지읍 남지중앙로 131,,"웅어회, 향어회"
750,배기연미용기능장의집,055-741-5414,경남,진주시,경상남도 진주시 석갑로 176-1(이현동),,미용
751,향촌식육식당,055-354-2538,경남,밀양시,경상남도 밀양시 내일상가1길 12(내일동),,"돼지갈비, 소고기버섯전골"
752,박정희머리방,055-351-0028,경남,밀양시,경상남도 밀양시 내일상가2길 9(내일동),,미용
753,일미복요리전문점,055-333-5600,경남,김해시,경상남도 김해시 김해대로2511번길 4(삼정동),,복요리
754,털보회관,031-376-2479,경기,화성시,경기도 화성시 풀무골로 106번길 19,,"흑염소전골, 코다리찜"
755,태양이발관,031-234-3070,경기,화성시,경기도 화성시 경기대로 1024(병점동),,이용
756,석정,031-376-4316,경기,화성시,경기도 화성시 풀무골로 77번길 20-9,,"한우등심, 된장찌개"
757,대로식당,031-234-2186,경기,화성시,경기도 화성시 병점중앙로 170번길 12-7,,"닭볶음탕, 백반"
758,청아원㈜,031-554-0775,경기,포천시,경기도 포천시 군내면 용정경제로 1길 48-39,,"젓갈, 반찬류"
759,경기모타,031-941-3302,경기,파주시,경기도 파주시 강천길 134,,모터 판매 및 수리
760,해성장식,031-633-7887,경기,이천시,경기도 이천시 중리천로 11,,"도배, 장판, 인테리어"
761,고산떡갈비,031-842-3006,경기,의정부시,경기도 의정부시 평화로 562번길 13,,떡갈비
762,경원식당,031-878-5464,경기,의정부시,경기도 의정부시 둔야로 49번길 21,,부대찌개
763,용인떡집,031-335-5480,경기,용인시,경기도 용인시 처인구 금령로93번길 12-1,,떡류
764,단골집,043-532-6171,경기,여주시,경기도 여주시 대신면 율촌리 379-4,,붕어찜
765,남한강송어횟집,031-881-5792,경기,여주시,경기도 여주시 능서면 능서로 714,,"송어회, 매운탕"
766,안성땅콩상회,031-674-8089,경기,안성시,경기도 안성시 아양동 286-4,,"땅콩, 농산물, 멸치, 식품 등"
767,마로니에,031-674-9993,경기,안성시,경기도 안성시 서인동 77,,경양식 돈가스
768,그때그집,031-675-5268,경기,안성시,경기도 안성시 안성맞춤대로 1052-1,,순대국밥
769,이안경박사,031-492-0085,경기,안산시,"경기도 안산시 단원구 원곡로 36, 1층동 (원곡동) ",,안경 
770,벼슬구지뼈다귀감자탕,031-318-8199,경기,시흥시,경기도 시흥시 연성로29번길 14-1,,감자탕
771,맨스헤어몽스튜디오,031-311-6623,경기,시흥시,경기도 시흥시 은행로 66,,"헤어컷트, 염색, 가발"
772,깨뽂는부부,031-495-7282,경기,시흥시,경기도 시흥시 도일로 100-4,,"참기름, 들기름, 고춧가루"
773,진천식당,031-256-3074,경기,수원시,경기도 수원시 장안구 정조로934번길 25,,"식육, 한식"
774,대하건재약업사,031-292-1800,경기,수원시,"경기도 수원시 권선구 입북로 12, 1층 102호",,한약재
775,대성이발관,031-235-1653,경기,수원시,"경기도 수원시 팔달구 인계로68번길 52, 102호",,이용
776,충주기름집,031-754-0751,경기,성남시,경기도 성남시 중원구 둔촌대로 83번길 7,,"참기름, 농산물"
777,우드아트,031-751-9130,경기,성남시,경기도 성남시 수정구 제일로 154,,"고가구, 공예, 원목가구"
778,행복한밥상,032-653-7272,경기,부천시,경기도 부천시 장말로279번길 6-2(심곡동),,한식백반
779,이안경,032-664-3030,경기,부천시,경기도 부천시 부천로 185(춘의동),,안경
780,삼미정,032-651-9493,경기,부천시,"경기도 부천시 부천로130번길 3, 1층(원미동)",,"청국장, 콩비지"
781,현경한약방,031-981-4943,경기,김포시,경기도 김포시 양촌읍 양곡1로 23,,한약
782,한화하이안세탁,031-989-7868,경기,김포시,"경기도 김포시 풍무로68번길 41, 101호",,세탁
783,올림픽신발,0507-1307-6402,경기,김포시,경기도 김포시 양촌읍 양곡1로 35,,신발
784,김포쌀상회,031-981-2320,경기,김포시,경기도 김포시 양촌읍 양곡1로 28,,곡물
785,제궁태권도장,031-391-5442,경기,군포시,"경기도 군포시 산본로 296-1, 401호",,태권도 교육
786,광명탈렌트,02-2618-1616,경기,광명시,경기도 광명시 광명로 898,,"피부관리, 화장품 소매"
787,옥산장돌과이야기,033-562-0739,강원,정선군,강원도 정선군 여량면 여량3길 79,,"곤드레밥, 더덕구이"
788,오복떡본가,033-735-5544,강원,원주시,강원도 원주시 평원로 12,,"구름떡, 영양찰떡"
789,들림횟집,043-851-0084,충북,충주시,충북 충주시 살미면 팔봉향산길 374,,"비빔회, 매운탕"
790,금강설렁탕,043-256-2311,충북,청주시,충북 청주시 상당구 상당로5번길 35,,설렁탕
791,청송통닭,043-255-6536,충북,청주시,충북 청주시 상당구 남사로 116,,통닭
792,명동왕족,043-644-4516,충북,제천시,충북 제천시 명륜로6길 9,,족발
793,신흥지업사,043-877-0129,충북,음성군,충북 음성군 금왕읍 무극로308번길 12-2,,농자재
794,달동네순대,043-421-0644,충북,단양군,충북 단양군 단양읍 도전5길 37,,순대
795,복지서점,041-561-0567,충남,천안시,충남 천안시 봉정로 347  천안시 노동복지회관 내 복지서점,,서적
796,민속떡집,041-356-0240,충남,당진시,충남 당진시 무수동옛길13,,떡류
797,심씨네젓갈식품,041-745-5555,충남,논산시,충남 논산시 강경읍 옥녀봉로27번길 32,,젓갈
798,금산원조김정이삼계탕,041-751-2678,충남,금산군,충남 금산군 금산읍 인삼약초로 33,,삼계탕
799,늘봄꽃집,064-757-1464,제주,제주시,제주 제주시 중앙로 64,,생화 소매
800,이태리안경,02-888-4849,제주,제주시,제주 제주시 중앙로 61,,안경
801,이경은헤어팜,064-742-3637,제주,제주시,제주 제주시 오현길 34,,미용
802,함지박,063-841-3211,전북,익산시,전북 익산시 동서로63길 60,,경양식
803,㈜이성당,063-450-3528,전북,군산시,전북 군산시 중앙로1가 12-2,,"제과, 제빵"
804,국제금고사,063-446-3109,전북,군산시,전북 군산시 죽성로 23-1,,"사무용가구, 금고"
805,원조뽀빠이냉면,063-446-1785,전북,군산시,전북 군산시 장재길 12-4(장재동),,냉면
806,낙원떡집,061-743-8849,전남,순천시,전남 순천시 역전장길 6(덕암동),,"기정떡, 쑥 인절미, 모시송편"
807,버텀라인,032-766-8211,인천,중구,인천 중구 신포로23번길 23(중앙동4가),,재즈카페
808,신흥부대고기,032-884-8858,인천,중구,인천 중구 서해대로449번길 10(신흥동2가),,부대찌개
809,성진물텀벙이,032-883-1771,인천,미추홀구,인천 미추홀구 독배로403번길 10,,"아귀탕, 아귀찜"
810,부암갈비,032-425-5538,인천,남동구,"인천 남동구 용천로 149, 1층(간석동)",,생돼지갈비
811,신한양식당,02-776-6315,서울,중구,"서울 중구 청파로 453, 1층(중림동)",,해장국
812,평양면옥,02-2263-7784,서울,중구,서울 중구 장충단로 207(장충동1가),,평양냉면
813,진주회관,02-753-5388,서울,중구,서울 중구 세종대로 11길 26,,"콩국수, 부대찌개"
814,부원식당(부원면옥),02-753-7728,서울,중구,"서울 중구 남대문시장4길 41-6, 2층",,"냉면, 온면"
815,주식회사 로씨니,02-766-8771,서울,종로구,서울 종로구 북촌로 18,,"이탈리안 요리, 와인"
816,브리아몽 베이커리,02-386-3833,서울,은평구,"서울 은평구 갈현로 15, 1층(신사동)",,"제과, 제빵"
817,이낙근찹쌀떡 베이커리카페,02-423-4082,서울,송파구,"서울 송파구 중대로 316, 1, 2, 3, 4층(오금동)",,"제과, 제빵, 떡"
818,지큐양복점,02-2292-4503,서울,성동구,서울 성동구 왕십리로 359(하왕십리동),,맞춤양복
819,삼호복집,02-3474-3533,서울,서초구,"서울 서초구 강남대로 51길 5, 1층",,복어요리전문
820,주식회사 피터팬식품(피터팬1978),02-336-4775,서울,서대문구,"서울 서대문구 증가로 10, 1층(연희동)",,"빵, 떡"
821,연희까운,02-324-0733,서울,서대문구,서울 서대문구 연세로 35 (창천동 33-9),,의료용 가운
822,강성자헤어,02-892-9066,서울,금천구,서울 금천구 시흥대로 39길16 한영상가 나동 1층 14호,,미용
823,궁중떡집,02-802-4468,서울,금천구,"서울 금천구 금하로 25길 16, 1층(시흥동)",,떡류 제조 판매
824,실크로드. 송림가,02-2066-6000,서울,구로구,서울 구로구 경인로 398(고척동 69-34),,"한정식, 갈비, 중화요리"
825,이태리안경,02-888-4849,서울,관악구,서울 관악구 신림로 327 1층,,안경
826,아구본가첨벙신사본점,02-3448-5981,서울,강남구,서울 강남구 강남대로 150길 12 (논현동),,아구요리전문
827,대우양복점,051-632-3790,부산,동구,"부산 동구 범일로 66,1층(범일동)",,맞춤양복
828,다다우동,051-645-7733,부산,남구,부산 남구 유엔평화로 7-1(대연동. 1층일부),,"우동, 메밀"
829,내호냉면,051-646-6195,부산,남구,부산 남구 우암번영로26번길 17(우암동),,"냉면, 밀면"
830,할매팥빙수단팥죽,051-623-9946,부산,남구,"부산 남구 용호로90번길 24, 1층 102호(용호동,삼성아파트 상가동)",,"팥빙수, 단팥죽"
831,이흥용베이커리,051-635-4454,부산,남구,부산 남구 수영로39번길 2-1(문현동),,제과제빵류
832,한국백제필방,042-255-7320,대전,중구,대전 중구 중앙로112번길 25(대흥동),,문방사우 소매
833,형제집,042-256-6474,대전,중구,"대전 중구 대흥로175번길 34, 1층(대흥동)",,직화석쇠구이
834,새천년카클리닉,042-636-1552,대전,동구,대전 동구 가양로 30(가양동),,자동차 수리
835,대구종합악기사,053-651-1414,대구,남구,"대구 남구 명덕로 172, 1층(대명동)",,악기
836,이순미용실,062-514-6622,광주,북구,광주 북구 용봉로 116 1층,,미용
837,랜드사무기,062-232-1950,광주,동구,광주 동구 제봉로 116 OA랜드빌딩,,사무기기
838,옥주카센타,062-673-4958,광주,남구,광주 남구 백운로 76,,자동차 정비
839,서울계면공업사,062-944-0538,광주,광산구,광주 광산구 송정동 985-37,,국수
840,대경식당,054-975-7979,경북,칠곡군,경북 칠곡군 동명면 기성리 301,,"약선능이백숙, 꿩샤브샤브"
841,안계수산,054-861-0437,경북,의성군,경북 의성군 안계면 용기리 481-6,,수산물
842,뷰토피아퀸,054-335-5050,경북,영천시,경북 영천시 강남길 45-1,,"헤어, 네일, 피부"
843,태극당,02-2279-3152,경북,영주시,경북 영주시 번영로 154,,제과·제빵
844,신데렐라미용실,054-433-4882,경북,김천시,경북 김천시 신양1길 32(신음동),,"미용, 미용재료"
845,헤어살롱지지상모점,054-451-4349,경북,구미시,경북 구미시 상사서로 43(상모동),,"미용, 미용재료"
846,선화소곰탕식당,053-852-3295,경북,경산시,"경북 경산시 진량읍 동자길 65, 1층",,한우곰탕
847,함안갈비,055-255-6200,경남,창원시,"경남 창원시 마산회원구 봉양로 15, 2층(양덕동)",,"육류, 전골류"
848,멋쟁이뷰티,055-242-8183,경남,창원시,"경남 창원시 마산합포구 교방시장2길 21, 1층 106호 (교방동, 교방프라자빌딩)",,미용
849,임진강식당,055-374-8389,경남,양산시,경남 양산시 상북면 삼계2길 51,,"민물매운탕, 두부전골"
850,똘똘이식당,055-335-6029,경남,김해시,경남 김해시 대동면 동남로49번길 7-5,,육류
851,대성보세,055-944-6684,경남,거창군,"경남 거창군 거창읍 중앙로 140, 다동 9호 (중앙시장)",,신발판매
852,할머니집,031-374-4634,경기,오산시,경기 오산시 오산로300번길 3(오산동),,"소머리국밥, 수육"
853,어부집,031-953-0787,경기,파주시,경기 파주시 파평면 장승배기로 366번길 15,,매운탕
854,정숙희미용실,031-466-6904,경기,안양시,경기 안양시 만안구 안양로332 우성빌딩 2층,,미용
855,할리바버샵,031-411-5070,경기,수원시,경기도 수원시 권선구 금곡로 236(금곡동),홈플러스 서수원점 3층,이미용
856,가나북스,031-408-8811,경기,시흥시,"경기 시흥시 수인로 2323, 409호, 414호, 415호",,"도서, 서적"
857,성경기름집,031-721-2173,경기,성남시,경기 성남시 중원구 성남대로1139번길 6(성남동),,전통기름
858,대성기름집,031-754-2883,경기,성남시,경기 성남시 중원구 둔촌대로83번길 7(성남동),,전통기름
859,화성기름집,031-754-1285,경기,성남시,"경기 성남시 중원구 둔촌대로69번길 8, 166(성남동)",,전통기름
860,쓰리에이안경,031-222-0001,경기,수원시,"경기 수원시 경수대로302번길 29, 1층 104-1호, 104-2호(권선동)",,안경
861,옛골,033-336-3360,강원,평창군,강원 평창군 봉평면 기풍 1길 5,,메밀음식
862,원조남부막국수,033-256-7859,강원,춘천시,강원 춘천시 춘천로 56(효자동),,막국수
863,샘밭막국수,033-242-1702,강원,춘천시,강원 춘천시 신북읍 천전리 118-23,,막국수
864,원주일미통닭,033-254-3992,강원,춘천시,강원 춘천시 서부대성로 140-2(운교동),,"치킨, 찜닭"
865,동광식당,033-563-3100,강원,정선군,강원 정선군 정선읍 녹송1길 27,,"황기족발, 콧등치기국수"
866,일미닭강정주식회사,033-374-0151,강원,영월군,"강원 영월군 영월읍 서부시장길 15, 1호",,닭강정
867,스마일호스텔,033-636-7117,강원,속초시,강원 속초시 설악동 246-82,,숙박
868,수정궁횟집,033-652-1569,강원,강릉시,강원 강릉시 창해로 350번길 7,,회
869,화산축산,063-231-1244,전북,전주시,전북 전주시 완산구 마당제4길 24(중노송동),,식육
870,홍철수테일러,051-245-0131,부산,중구,부산 중구 중앙대로 43(중앙동5가),,맞춤양복
871,홍림토탈인테리어,051-627-3203,부산,남구,부산 남구 못골로 66-1(대연동),,종합인테리어
872,함흥냉면,032-503-8054,서울,영등포구,서울특별시 영등포구 영등포로42길 6(영등포동3가),,한식(냉면)
873,할매설렁탕,031-675-6852,경기,안성시,경기 안성시 중앙로 480(봉산동),,설렁탕
874,한일식당,041-338-2654,충남,예산군,충남 예산군 삽교읍 두리 604-2,,육회비빔밥
875,한일당,051-525-6917,부산,금정구,부산 금정구 서부로 21-1(서동),,"귀금속, 시계"
876,한우일번가충북진미점,043-422-4989,충북,단양군,"충북 단양군 단양읍 별곡7길 12, 112호",,식육
877,학성실크,055-757-7408,경남,진주시,경남 진주시 동진로 298(상대동),,"실크원단, 주단 및 양복"
878,팔팔순대국,033-636-5798,강원,속초시,강원 속초시 중앙로129번길 35-20(금호동),,"순대전골, 순대국"
879,태극당,02-2279-3152,서울,중구,서울 중구 동호로24길 7(장충동2가),,제과·제빵
880,충주건축자재,054-281-8802,경북,포항시,경북 포항시 남구 포스코대로 420-1(해도동),,방수자재
881,최동순베이커리,032-876-1552,인천,미추홀구,"인천 미추홀구 소성로 120, 101호(학익동, 동아풍림상가)",,제과
882,초리골초계탕,031-958-5250,경기,파주시,경기 파주시 법원읍 초리골길 110,,초계탕
883,초당할머니순두부,033-652-2058,강원,강릉시,강원 강릉시 초당순두부길 77(초당동),,초당순두부
884,청천영농조합법인,041-935-7345,충남,보령시,충남 보령시 대천로 273(죽정동),,곡물도정
885,청사미용실,042-472-6442,대전,서구,"대전 서구 청사로 189, 지하1층(둔산동, 대전정부청사후생동)",,미용
886,천일서점,033-533-4316,강원,동해시,강원 동해시 천곡로 59(천곡동),,서적
887,창원푸드,055-245-8543,경남,창원시,경남 창원시 마산합포구 어시장7길 126(동성동),,"젓갈, 절임식품"
888,진주팜농약,055-745-3931,경남,진주시,경남 진주시 진양호로 556(동성동),,농약
889,중앙당,043-256-7342,충북,청주시,충북 청주시 상당구 사직대로361번길 41-2(영동),,메밀면 요리
890,㈜화월당,061-752-2016,전남,순천시,"전남 순천시 중앙로 90-1(남내동,(1층))",,"찹쌀떡, 볼카스테라"
891,㈜통나무집닭갈비,033-241-5999,강원,춘천시,강원 춘천시 신북읍 신샘발로 763,,닭갈비
892,㈜청탑포토,055-745-0300,경남,진주시,경남 진주시 진주성로 31-1(인사동),,"앨범제작, 사진촬영"
893,㈜오뎅식당,031-842-0423,경기,의정부시,경기 의정부시 호국로1309번길 7(의정부동),,부대찌개
894,㈜동방파스텍,031-847-9872,경기,양주시,경기 양주시 백석읍 권율로1203번길 39-31,,방화문 부자재
895,제일안경원,031-411-8118,경기,안산시,"경기 안산시 단원구 선이로 14, 1130(선부동, 안산제1종합시장)",,"안경, 콘택트렌즈"
896,정원식당,051-628-2824,울산,중구,울산 중구 학성로 91-1(성남동),,한식
897,장흥회관,031-635-3710,경기,이천시,경기 이천시 중리천로 8-1(중리동),,"곱창, 해물탕"
898,장미칼국수,063-443-2816,전북,군산시,전북 군산시 큰샘길 26(죽성동),,"칼국수,돌솥밥"
899,일력,063-535-4649,전북,정읍시,전북 정읍시 수성동 중앙1길 63(수성동),,"메밀국수, 생선초밥"
900,인하찹쌀순대,032-652-3834,경기,부천시,경기 부천시 심곡로34번길 43(송내동),,"순대, 국밥"
901,이은헤어센스,062-261-9019,광주,북구,"광주 북구 우치로 120-1, 2층(용봉동)",,미용
902,유구식당,041-841-2528,충남,공주시,충남 공주시 유구읍 시장길 33-4,,한우모둠구이
903,월드헤어쇼미용실,02-2291-0096,서울,강동구,서울 강동구 올림픽로 805(암사동),,미용
904,옛장터숯불갈비,043-731-8992,충북,옥천군,충북 옥천군 이원면 이원로 809,,"숯불갈비, 갈비탕"
905,영화장,02-967-9595,서울,동대문구,서울 동대문구 휘경로 3-8(이문동),,증화요리
906,엠두피엔아트월드,053-253-1963,대구,중구,대구 중구 중앙대로81길 57(종로1가),,미용
907,안심식당,054-976-6464,경북,칠곡군,경북 칠곡군 동명면 송림길 101,,"옻닭, 능이백숙"
908,신화당,043-543-2860,충북,보은군,충북 보은군 보은읍 삼산로 27-1,,"시계, 패션 주얼리"
909,신세대미용실,055-385-6780,경남,양산시,"경남 양산시 신기서길 18, 상가동 106호(신기동, 대동서안한마음타운)",,미용
910,숯골원냉면,042-861-3287,대전,유성구,대전 유성구 신성동 136-2,,평양식 냉면
911,세모한복,032-765-7148,인천,미추홀구,인천광역시 미추홀구 미추홀대로 715(주안동),102호,한복
912,성안식당,064-799-0145,제주,제주시,제주 제주시 애월읍 애월로11길 5,,"물회, 갈치조림"
913,선경이불주단,052-245-4984,울산,중구,울산 중구 중앙시장1길 9(옥교동),,"이불, 주단"
914,서울깍두기,031-487-3346,경기,안산시,"경기 안산시 단원구 광덕서로 56(고잔동, 109~110호)",,"설랑탕, 수육"
915,샛별초가집식당,055-944-3739,경남,거창군,경남 거창군 거창읍 시장1길 9,,"아구찜, 뽈찜"
916,새로나제과,042-524-6786,대전,서구,대전 서구 변동로 66(변동),,제과제빵
917,삼락하동재첩국,051-301-7200,부산,사상구,부산 사상구 낙동대로 1518번길 33(삼락동),,재첩국
918,산본시장정육점,031-396-5665,경기,군포시,경기 군포시 산본천로183번길 3(산본동),,정육점
919,불란스안경원,051-891-9362,부산,부산진구,부산 부산진구 당감로 23(당감동),,"안경, 렌즈"
920,부산제과,055-283-1772,경남,창원시,경남 창원시 성산구 반송로 148-18(반림동),,제과
921,방자네 (산골물),02-722-1891,서울,종로구,서울 종로구 인사동16길 8-1(관훈동),,한정식
922,문화서점,041-546-9392,충남,아산시,충남 아산시 온화로 115-1(용화동),,서적
923,문우당서림,033-635-8055,강원,속초시,"강원 속초시 중앙로 45(교동, 658-29)",,서적
924,명동감자탕,054-635-7235,경북,영주시,경북 영주시 중앙로106번길 8(하망동),,감자탕
925,마포설렁탕,031-235-4455,경기,수원시,경기 수원시 팔달구 인계로101번길 11(인계동),,설렁탕
926,마당숯불갈비,054-631-5044,경북,영주시,경북 영주시 번영로173번길 7(영주동),,돼지갈비
927,또와유식당,043-878-1991,충북,음성군,충북 음성군 금왕읍 무극로308번길 6-1(외2필지),,손만두
928,동양한지,02-734-1881,서울,종로구,"서울 종로구 인사동길 5, 104호(인사동, 빠고다빌딩)",,한지
929,동양고무상회,043-742-3794,충북,영동군,"충북 영동군 영동읍 영산로3길 17, 1층",,신발
930,도일처,02-2662-2322,서울,강서구,서울 강서구 개화동로 567(방화동),,중화요리
931,대한체육사,063-855-0909,전북,익산시,전북 익산시 인북로 151(남중동),,스포츠용품
932,대경사,055-223-7746,경남,창원시,경남 창원시 마산합포구 3.15대로 426-2(상남동),,"시계, 시계수리"
933,김영숙헤어스쿨,052-281-1577,울산,중구,울산 중구 학성1길 45(학성동),,미용
934,궁전관,062-374-3600,광주,남구,광주 남구 신만산길 66(원산동),,"옻닭, 닭볶음탕"
935,건계정,055-944-7833,경남,거창군,경남 거창군 거창읍 거안로 1173-21,,"해물찜닭, 백숙"
936,강원밀봉,033-742-3737,강원,원주시,강원 원주시 원문로 1(학성동),,"벌꿀, 화분, 로열 젤리"
937,가선식당,043-743-8665,충북,영동군,충북 영동군 양산면 금강로 760(음식점),,"어죽, 어탕, 생선국수"
938,1번가,052-245-7747,울산,남구,"울산 남구 월평로187번길 8(삼산동, 1층)",,"남성복, 양복"
939,흥부보쌈,02-888-9464,서울,관악구,"서울 관악구 신림로59길 15-13 (신림동, 지상1층)",,보쌈
940,흐르는물,032-762-0076,인천,중구,"인천 중구 신포로31번길 9(관동 3가, 2층)",,카페(茶)
941,황산냉면,02-3431-2262,서울,송파구,서울 송파구 가락로 257(방이동),,"냉면, 밀면, 어복쟁반"
942,함흥보쌈,051-416-2342,부산,영도구,부산 영도구 남항로 42(영선동2가),,냉면
943,할매횟집,055-526-2025,경남,창녕군,경남 창녕군 남지읍 선창길 17,,"웅어, 향어회 , 매운탕"
944,한길안경원,055-674-4284,경남,고성군,경남 고성군 고성읍 동외로 156,,안경
945,폭포수식당,031-471-3360,경기,안양시,경기 안양시 만안구 석수동 850-3 ,,닭·오리요리
946,판문점,055-246-7145,경남,마산시,"경남 마산시 오동동 23-19,23-27",,"북한식숯불갈비, 냉면"
947,역전통닭(닭사무소),061-744-4539,전남,순천시,"전남 순천시 역전장길 9, 7호(덕암동, 역전시장)",,식육
948,충주상회,02-676-1640,서울,영등포구,서울 영등포구 영등포로45길 16-1 (영등포동2가),,"고추, 참기름"
949,짱구분식,064-753-4767,제주,제주시,"제주 제주시 연동8길 28, 9호(연동)",,분식
950,장원보쌈,02-470-8555,서울,강동구,서울 강동구 구천면로 196 102호 (천호동),,보쌈
951,일미장어,02-777-4380,서울,용산구,서울 용산구 후암로 57길 35-15(동자동),,장어
952,이화인재상사,051-803-2002,부산,부산진구,부산 부산진구 부전로20번길 28(부전동),,인쇄재료
953,원조석대추어탕,051-523-2867,부산,해운대구,부산 해운대구 반송로571번길 5(석대동),,추어탕
954,우정식당,055-375-6738,경남,양산시,경남 양산시 상북면 삼계2길 33,,민물매운탕
955,아씨주단,062-223-3722,광주,동구,광주 동구 충장로 50-1(충장로4가),,한복
956,신진방수백화점,051-464-0988,부산,동구,"부산 동구 중앙대로 386, 1층(수정동)",,방수제
957,신사동족발,052-298-3311,울산,중구,울산 중구 번영로 546(반구동),,족발
958,송극,062-942-0033,광주,광산구,광주 광산구 광산로 19번길 10(송정동),,떡갈비
959,소문난횟집,055-336-8889,경남,김해,경남 김해 부원 61-39 3/1,,"모듬회, 회덮밥"
960,샤론꽃농원,062-366-1818,광주,서구,광주 서구 화정동 783-21,,생화
961,새서울정육점,02-2682-4643,경기,광명시,"경기 광명시 광이로13번길 11, 1층",,식육전문
962,삼원슈퍼,02-822-2934,서울,동작구,서울 동작구 상도로22길 37 (상도동),,잡화
963,삼미옥,02-889-9327,서울,남부순환로,서울 남부순환로 1829-6 (봉천동),,"설렁탕, 수육"
964,산울림식당,041-857-5206,충남,공주시,충남 공주시 계룡면 갑사로 476-10,,더덕산채정식
965,부일횟집,055-681-2789,경남,거제시,경남 거제시 장승포로 101(장승포동),,"회, 전복죽"
966,부일곱창,032-326-6066,경기,부천시,경기 부천시 계남로 304(중동),,"곱창, 순댓국"
967,벙글벙글찜갈비,053-424-6881,대구,중구,대구 중구 동덕로36길 9-12(동인동1가),,찜갈비
968,만리향,055-332-8060,경남,김해시,경남 김해시 분성로335번길 4(동상동),,중화요리
969,뚱보냉면,02-2267-1801,서울,중구,서울 중구 퇴계로 27 14(필동1가),,"생고기구이, 고추장불고기, 껍데기"
970,두꺼비집,031-483-2379,경기,안산시,경기 안산시 단원구 원고잔로 15 (고잔동),,부대찌개
971,동강오리,02-492-6717,서울,중랑구,"서울 중랑구 용마산로115길 10 (망우동, 1층)",,(통마늘)오리주물럭
972,대성식당,061-663-0745,전남,여수시,전남 여수시 교동남1길 5-9,,"삼치회, 갈치조림, 서대회무침"
973,대성민물매운탕,031-840-1361,경기,양주시,경기 양주시 원학로 147번길 82-3 1층,,"쏘가리매운탕, 송어회"
974,대방회집,02-821-5740,서울,동작구,"서울 동작구 여의대방로 134-1 (대방동, 1층)",,회
975,단골통닭,041-855-7352,충남,공주시,충남 공주시 산성동 182,,뼈있는 닭강정
976,남일꼼장어,051-417-7776,부산,영도구,부산 영도구 절영로13번길 70(영선도 1가),,"꼼장어구이, 꼼삼세트"
977,극동청과,02-679-5774,서울,영등포구,서울 영등포구 당산동1가 85,,과일류
978,골목냉면,02-2235-2540,서울,성동구,서울 성동구 독서당로 295-7 (금호동3가),,냉면
979,고성곱창,055-645-4011,경남,통영시,경남 통영시 무전3길 11-9(무전동),,곱창
980,강남횟집,052-267-1780,울산,남구,"울산 남구 삼산로77번길 18, 104호(달동, 강남맨션상가)",,횟집
981,가마솥국밥,051-743-3888,부산,해운대구,부산 해운대구 우동 611-4,,소고기국밥
982,화성식육식당,061-374-2806,전남,화순군,전남 화순군 화순읍 칠중로 151,,한식(돼지머리)
983,홍능갈비,02-3491-6800,서울,도봉구,서울 도봉구 도봉로 157길 16 (도봉동),,한식
984,홍능갈비,02-3491-6800,경기,고양시,"경기 고양시 덕양구 삼송로 158 (삼송동,1층)",,한식
985,현대물텀벙이,032-766-3693,인천,동구,인천 동구 샛골로 140 (송림동),,한식(아귀조림)
986,한일식당,041-338-2654,전북,익산시,전북 익산시 황등면 황등로 106,,육회비빔밥
987,한벽집,063-284-2736,전북,전주시,전북 전주시 완산구 교동 2-9,,민물매운탕
988,한국식당,061-761-9292,전남,광양시,전남 광양시 광양읍 매일시장길 48,,한식(광양불고기)
989,하영사,02-779-1741,서울,중구,"서울 중구 남대문시장4길 2(남창동, C동지하 331,332,333호)",,"액세서리,잡화"
990,풍미당,043-732-1827,충북,옥천군,충북 옥천군 옥천읍 중앙로 23-1,,물쫄면
991,풍년지물포,031-352-4700,경기,화성시,경기 화성시 향남읍 평리 108-5,,지물포
992,풍년식당,061-242-5003,전남,목포시,전남 목포시 해안로 249번길 30-1,,불고기
993,풍기삼계탕,054-631-4900,경북,영주시,경북 영주시 중앙로 130(하망동),,삼계탕
994,털보아구탕,031-484-9393,경기,안산시,"경기 안산시 단원구 원초로 34 (원곡동, 남양상가)",,한식
995,태화루,055-354-2101,경남,밀양시,"경남 밀양시 북성로 59, 1,2층(내이동)",,중식
996,충남왕족발,041-332-5248,충남,예산군,충남 예산군 예산읍 사직로 25,,족발
997,진해식당,054-783-7203,경북,울진군,경북 울진군 죽변면 죽변중앙로 160-25,,차돌박이 연탄구이
998,진주당 ,051-556-1190,부산,동래구,부산 동래구 명륜로103번길 2(명륜동),,귀금속/시계
999,중앙서점,061-723-8000,전남,순천시,"전남 순천시 연향상가 5길 7, 3층(연향동)",,서적 및 인쇄물
1000,㈜대성전자,062-225-7766,광주,동구,"광주 동구 독립로 264번길 25, 129호(대인동)",,전자부품
1001,조명옥꽃방,061-533-6189,전남,해남군,전남 해남군 성내리 41-3,,화원
1002,정원식당,051-628-2824,부산,수영구,부산 수영구 남천바다로10번길 41(남천동),,한식
1003,장모육계유통,055-232-4199,경남,창원시,경남 창원시 마산회원구 내서읍 광려천남로 75,,닭
1004,이윤순한복,051-632-4894,부산,부산진구,"부산 부산진구 중앙대로 949(양정동, 3층)",,한복
1005,용두식당,054-434-2522,경북,김청시,"경북 김청시 아랫장터길 1(용두동, 135-5)",,"냉면, 곰탕, 국밥"
1006,영빈루((주)왕기봉),031-666-2258,경기,평택시,경기 평택시 신장동 212-10 (탄현로 341),,중식
1007,영광종묘농약사,02-381-9440,경기,고양시,경기 고양시 덕양구 삼송로205번길 30-9(삼송동),,"농약,종묘,씨앗,농자재"
1008,엘지슈퍼,031-668-1570,경기,부천시,경기 부천시 조종로 74 (원미동),,슈퍼마켓
1009,양곡종묘농약사,031-981-2151,경기,김포시,경기 김포시 양촌면 양곡리 415-2,,"농약,종자,종묘"
1010,신라식당,043-544-2869,충북,보은군,충북 보은군 보은읍 교사삼산길 40,,"북어찌개정식, 한정식"
1011,신도리한우촌,042-842-5060,충남,계룡시,충남 계룡시 엄사면 변영11길 4-57,,한우
1012,신광주방,043-847-8312,충북,충주시,충북 충주시 무학4길 15,,주방기기 도소매
1013,신가네정읍국밥,063-531-6610,전북,정읍시,전북 정읍시 수성5로 17(수성동),,한식(국밥)
1014,수향,055-645-3052,경남,통영시,경남 통영시 항남3길 29(항남동),,한식
1015,수봉식당,053-941-1503,대구,북구,"대구 북구 대현남로2길 60, 103,104호(대현동)",,"중화비빔밥, 바람돌이짬뽕"
1016,수덕신발,031-848-3660,경기,의정부시,경기 의정부시 태평로73번길 20 가동48호,,신발
1017,송어의집,033-332-0505,강원,평창군,강원 평창군 평창읍 아랫상리길 19-4,,일반한식
1018,성미당,063-287-8800,전북,전주시,전북 전주시 완산구 전라감영 5길 19-9,,비빔밥
1019,석양집,02-716-6847,서울,마포구,"서울 마포구 토정로35길 12(용강동, 제이동 제지하층 8호, 9호)",,한식
1020,서창식육점,052-275-4013,울산,남구,울산 남구 야음동 453-14,,식육
1021,서울갈비식당,054-859-6264,경북,안동시,경북 안동시 동부동 136-3,,안동갈비
1022,삼원일식,02-365-7185,서울,서대문구,"서울 서대문구 통일로9안길 32, 2층(충정로2가)",,일식
1023,산성식당,054-331-3290,경북,영천시,경북 영천시 강남길 37-10(완산동),,한우곰탕
1024,부일식당,032-522-1700,인천,부평구,인천 부평구 경원대로 1270 (부평동),,한식
1025,보은집,041-741-6960,충남,논산시,충남 논산시 연무읍 감바위로 30번길 6,,"갈치조림, 게장"
1026,별천지,042-271-0207,대전,동구,대전 동구 산서로1659번길 29,,백숙
1027,백학정,063-534-4290,전북,정읍시,전북 정읍시 태인면 태인로29-3,,떡갈비
1028,백제장,031-746-4296,경기,광주시,경기 광주시 남한산성면 남한산성로780번길 3,,산채정식
1029,백제가든,063-831-3002,전북,익산시,전북 익산시 선화로 65길 34-10,,닭요리
1030,밀로베이커리,055-282-1338,경남,창원시,"경남 창원시 성산구 마디미로21번길 11, 106호(상남동, 로데오 월드상가 1층)",,제과점
1031,민부곤과자점,02-931-0008,서울,노원구,"서울 노원구 한글비석로 474, 157호(상계동, 보람상가)",,제과점
1032,미도상사,02-2242-7200,서울,동대문구,"서울 동대문구 황물로15나길 2, 1층(답십리동)",,자동차관련용품
1033,문창그릇백화점,042-272-9561,대전,중구,대전 중구 문창로10번길 32,,그릇
1034,명랑식당,042-623-5031,대전,동구,대전 동구 태전로 56-20,,육개장
1035,매일회관,063-542-7345,전북,김제시,전북 김제시 남북로 140,,한식(불낙전골)
1036,마라톤집,051-806-5914,부산,부산진구,부산 부산진구 가야대로784번길 54(부전동),,한식
1037,동해순대국,033-633-1012,강원,속초시,강원 속초시 중앙로 129번길 35-17(금호동),,"한식, 음식점업"
1038,동원건어물,033-646-0722,강원,강릉시,강원 강릉시 금성로 21(성남동),,기타
1039,동양인삼사,054-636-7373,경북,영주시,경북 영주시 풍기읍 인삼로 8,,인삼제품
1040,동아실크,062-222-2453,광주,동구,광주 동구 충장로 39(충장로 5가),,실크원단
1041,돌고래식당,051-802-2667,부산,부산진구,부산 부산진구 서전로10번길 31-9(부전동),,한식
1042,덕수갈비,032-517-4070,인천,부평구,인천 부평구 마장로 402(청천동),,갈비
1043,대풍옥,032-932-4030,인천,강화군,인천 강화군 교동면 대룡안길 54번길 28,,한식(국밥)
1044,대창,053-356-2800,대구,북구,"대구 북구 고성로28길(고성동2가, 51)",,"한우갈비살, 불고기"
1045,대성암본가초밥집,054-434-7257,경북,김천시,경북 김천시 평화길 141(평화동),,초밥집
1046,대문점,02-2678-3256,서울,영등포구,서울 영등포구 영증로10길 30(영등포동3가),,중국음식
1047,대남통닭,054-772-4526,경북,경주시,"경북 경주시 금성로 295, 3동 1호(성건동, 중앙시장)",,통닭
1048,나루터식당,041-835-3155,충남,부여군,충남 부여군 부여읍 구교리 7,,장어 구이
1049,꽃담,062-224-1900,광주,동구,광주 동구 금남로 193-7 1층,,한우곰탕
1050,금호,062-944-1791,광주,광산구,광주 광산구 어등대로 665번길 3(소촌동),,한식(백반)
1051,극동제과,042-226-6796,대전,중구,대전 중구 충무로 73,,"제빵, 제과"
1052,굴다리식품 판매장,041-545-3027,충남,아산시,충남 아산시 시민로 357,,젓갈 소매
1053,구옹진식당,041-665-3913,충남,서산시,충남 서산시 번화2로 8-2,,"냉면, 한식"
1054,고후나비,1588-4519,서울,중구,"서울 중구 남대문시장8길 16, 1층(남창동, 포키아동복 35,36호)",,외의
1055,고심통숯불갈비육전선지국,055-884-2596,경남,하동군,"경남 하동군 하동읍 시장1길 20, 1층(시장상설점포 382,383,394,385)호)",,한식
1056,고려회관,042-257-4732,대전,중구,"대전 중구 중앙로109번길 30, 2층",,한정식
1057,고려분식,054-535-6275,경북,상주시,경북 상주시 중앙시장길 26(남성동),,분식
1058,고궁삼계탕,052-269-0278,울산,남구,울산 남구 돋질로 180(달동),,한식
1059,경방루,063-625-2325,전북,남원시,전북 남원시 광한북로 29(금동),,중식
1060,거북이안경,062-228-1001,광주,동구,광주 동구 충장로 33-1(충장로 5가),,안경
1061,갑오상회,031-848-0256,경기,의정부시,경기 의정부시 의정부동160 제일상가동 14호~15호,,종합의류
1062,황산옥,041-745-4836,충남,논산시,충남 논산시 강경읍 금백로 34,,복어
1063,화정소바,055-572-1122,경남,의령군,경남 의령군 의령읍 의병로 18번길 9-3,,한식
1064,호동식당,055-645-3138,경남,통영,경남 통영 서호 177-102,,일반 한식
1065,햇님제과점,053-252-9447,대구,중구,대구 중구 달구벌대로389길 70,,제과점
1066,해태식당,061-434-2486,전남,강진군,전남 강진군 강진읍 서성안길 6,,한정식
1067,함흥막국수,033-632-6707,강원,속초시,강원 속초시 중앙로54번길 3(교동),,"막국수, 냉면"
1068,한국의상 현필원,041-332-5489,충남,예산군,충남 예산군 예산읍 임성로 7,,한복
1069,하동집,055-741-1410,경남,진주시,"경남 진주시 중앙시장길 29-5(대안동, 171,172 중앙시장 3구 98,99,100)",,한식
1070,평남식당,054-247-9124,경북,포항시,경북 포항시 북구 죽도시장3길 9-10,,한우곰탕
1071,팔부자슈퍼,031-472-6658,경기,안양시,경기 안양시 석수동 775-6,,잡화
1072,태백식육점,033-553-4444,강원,태백시,강원 태백시 황지동 38-217,,식육
1073,춘포상회,063-855-7795,전북,익산시,전북 익산시 인북로8길 19-2,,생선
1074,축산본점식육식당,054-631-1437,경북,영주시,경북 영주시 번영로 173번길 10,,"한식,축산식육식당"
1075,청림건재사,054-292-5398,경북,포항시,경북 포항시 남구 동해안로 5986,,"건축자재,안전용품 등"
1076,참깨국수,053-756-1511,대구,수성구,대구 수성구 무학로31길 55 1층,,콩국수
1077,조선옥갈비,033-552-5631,강원,태백시,강원 태백시 시장북2길 5-1,,한식
1078,이화회집,031-358-0807,경기,화성시,경기 화성시 우정읍 이화5리 매화길 2,,낙지전골
1079,유락식당,063-445-6730,전북,군산시,전북 군산시 해망로 146-25,,"꽃게장,반지회"
1080,월성,054-292-4243,경북,포항시,경북 포항시 남구 오천읍 철강로 663,,바다메기매운탕
1081,우성대중음식점,061-434-4389,전남,강진,전남 강진 강진 남성 61-3,,힌식(돼지고기)
1082,용방앗간,032-503-9462,인천,부평구,인천 부평구 부평대로 40번길 3,,건강식품(미숫가루 등)
1083,아이클럽,051-246-1127,부산,중구,부산 중구 중구로48번길 8(신창동4가),,안경
1084,아이러브뮤직,051-254-1072,부산,중구,부산 중구 구덕로 66-1(남포동5가),,음반 및 테이프
1085,송할머니옻닭집,031-224-9997,경기,수원시,"경기 수원시 권선구 정조로 423, 1층 (세류동)",,옻닭
1086,성천막국수,02-2244-5529,서울,동대무,"서울 동대무 답십리로 48나길 2, 1층(답십리동)",,막국수
1087,서울식당,043-832-2135,충북,괴산군,충북 괴산군 괴산읍 읍내로 283-1,,올갱이국
1088,삼보식육점,041-665-3714,충남,서산시,"충남 서산시 동문동 900 서산동부재래시장 1층 8, 23호 B동",,정육점
1089,부창식육점,051-293-3978,부산,사하구,부산 사하구 하단동 487-6,,식육
1090,봉암식당,031-471-7428,경기,안양시,경기 안양시 만안구 예술공원로 245번길 15,,백숙
1091,복화루,032-503-9725,인천,부평구,"인천 부평구 부평대로32번길 16, 1층 A호 101호",,중식
1092,보문각,033-254-8375,강원,춘천시,강원 춘천시 약사고개길 42(약사동),,중식.비빔국수
1093,발안건재,031-353-1223,경기,화성시,경기 화성시 향남읍 배터길 26-4,,건축재료철물
1094,미락복집,031-713-5394,경기,성남시,"경기 성남시 분당구 구미로9번길 25, 108호",,복집
1095,물망초식당,061-662-5233,전남,여수시,전남 여수시 충무동 485-3,,설렁탕
1096,만물수산,054-334-7702,경북,영천시,"경북 영천시 시장로 73, 제 4지구 111, 116호",,소매(돔베기)
1097,리정,043-254-8947,충북,청주시,충북 청주시 청원구 우암로 71-1(내덕동),,"해장국, 설렁탕"
1098,동해루,041-632-2172,충북,홍성군,충북 홍성군 홍성읍 아문길29번길 48,,중화요리
1099,동원가든,043-651-8100,충북,제천시,충북 제천시 봉양읍 제원로10길 55,,숯불닭갈비
1100,덕화원,031-858-0103,경기,양주시,경기 양주시 덕정길 4,,중식
1101,대흥상회,033-336-0272,강원,평창군,강원 평창군 봉평면 동이장터길 14-1,,곡물
1102,대호정,02-802-0974,서울,금천구,서울 금천구 시행대로 52길 51(시흥동),,돼지갈비
1103,대일정,063-534-4030,전북,정읍시,전북 정읍시 태인면 대성리 483-5,,한식(참게장)
1104,대원상회전통간고등어,054-853-6618,경북,안동시,경북 안동시 옥야동 334-3,,"냉동수산물, 생선"
1105,대동할매국수,055-335-6439,경남,김해시,경남 김해시 대동면 동남로45번길 8,,국수
1106,대구갈비,054-772-1384,경북,경주시,경북 경주시 북정로 5,,한식(돼지갈비)
1107,남창문구사,032-503-8027,인천,부평구,인천 부평구 부평대로32번길 13,,문구
1108,남산상회,02-776-5269,서울,중구,서울 중구 남대문시장4길 16(남창동),,"잡화, 인삼"
1109,낙원각,051-314-3784,부산,사상구,부산 사상구 사상로7(주례동),,중식
1110,금강식당,043-423-7350,충북,단양군,충북 단양군 영춘면 구인사로 1072,,산채비빔쟁반냉면
1111,광명반점,053-424-0938,대구,북구,대구 북구 칠성로 70-1,,중국음식
1112,경복궁식당,054-436-3353,경북,김천시,경북 김천시 대항면 황학동길 11-8,,특산채모듬한정식
1113,거구장갈비,055-645-0029,경남,통영시,경남 통영시 동충2길 22-3(항남동),,일반 한식
1114,강전사,062-361-6731,광주,서구,광주 서구 천변좌로 302-1,,전동기장치
1115,호남종묘사,061-432-2202,전남,강진군,전남 강진군 마량면 마량리 987-71번지,,농업 약품
1116,한우건축자재,043-250-9310,충북,청주시,"충북 청주시 상당구 남사로 84번길 29, 1층(남주동)",,건축자재 유통
1117,풍년오리박사,051-508-4642,부산,금정,부산 금정 청룡 45-3,,한식
1118,창녕집,051-517-5288,부산,금정구,부산 금정구 금성동 876,,흑염소불고기
1119,진미옥설농탕,02-400-2131,서울,송파구,"서울 송파구 가락로16길 3-12, 1층 107호(석촌동, 성창빌딩)",,설렁탕
1120,정화네하우스,053-423-2503,대구,북구,대구 북구 칠성남로 216 (칠성동1가),,석쇠불고기
1121,전주식당,061-322-2342,전남,함평군,전남 함평군 함평읍 신기산길 22,,육회비빔밥
1122,전동집,032-819-3075,인천,연수구,"인천 연수구 앵고개로 103번길 25, 2층(동춘동)",,한식
1123,일미해장국,043-731-3755,충북,옥천군,충북 옥천군 옥천읍 금장로 105,,"해장국, 해제비"
1124,이천용인닭발본점(구.용인닭발),031-635-2287,경기,이천시,경기 이천시 중리천로21번길 10-11 ,,"닭발,만두,떡볶이"
1125,은정갈비,041-545-5898,충남,아산시,충남 아산시 온궁로 5,,돼지갈비
1126,운정식당,063-446-0891,전북,군산시,전북 군산시 중정길 8-2(개복동),,삼계탕
1127,에펠제화,061-862-7904,전남,장흥군,전남 장흥군 장흥읍 건산리 720-123,,수제 구두
1128,쌍용반점,063-443-1259,전북,군산시,전북 군산시 내항2길 121(금동),,중식
1129,신촌매운탕,063-625-6291,전북,남원시,전북 남원시 원천로 27-8(신촌동),,한식(매운탕)
1130,신동양,032-773-5256,인천,중구,인천 중구 서해대로449번길 52(신흥동1가),,중식
1131,시골집,041-855-6432,충남,공주시,"충남 공주시 산성시장2길 34-10, 34-8",,일반한식
1132,시골집,041-855-6432,강원,원주시,강원 원주시 중평길 10-1(중앙동),,일반한식
1133,숙영식당,054-772-3369,경북,경주시,경북 경주시 계림로 60 (황남동),,한식
1134,세필즈과자점,032-578-0220,인천,서구,인천 서구 장고개로319(가좌동),,제과
1135,상남할인마트(구.상남슈퍼마켓),033-461-0239,강원,인제군,강원 인제군 상남면 상남리,,기타 음식료품 및 일용잡화
1136,삼미족발,043-253-8042,충북,청주시,충북 청주시 청원구 향군로35(우암동 347-3),,족발
1137,산호찜갈비(산호식당),053-422-2523,대구,중구,대구 중구 동인동1가 298-9,,찜갈비
1138,부일산채식당,054-436-6037,경북,김천시,경북 김천시 대항면 황학동길 35-1,,산채한정식
1139,원주복추어탕,033-762-7989,강원,원주시,강원 원주시 치악로 1748(개운동),,일반음식
1140,민물추어탕,031-215-6655,경기,수원시,"경기 수원시 영통구 중부대로 286(매탄동, 1층)",,"추어탕,민물매운탕 전문점"
1141,미락정갈비,033-563-4477,강원,정선군,강원 정선군 정선읍 녹송1길 18,,한식
1142,매향철물(매향상사),031-255-4313,경기,수원시,경기 수원시 팔달구 수원천로 313(남수동),,"철물, 청소용품 등"
1143,돈비어천가(구.태능갈비),032-777-1300,인천,중구,인천 중구 내동 203-11,,한식
1144,덕화상회,054-631-2831,경북,영주시,경북 영주시 하망동 364-68,,"한복,침구류"
1145,덕포식육점,051-301-4937,부산,사상구,부산 사상구 삼덕로 46번길 50(삼락동),,육류
1146,대한식당,061-763-0095,전남,광양시,전남 광양시 광양읍 읍내리 251,,한식(광양불고기)
1147,대장군식당,043-846-1757,충북,충주시,충북 충주시 수안보면 미륵송계로 105,,꿩고기 전문점
1148,대동강식당(대동강),053-471-3379,대구,남구,대구 남구 대봉로57-1 (봉덕동),,"불고기,냉면"
1149,노송식당,043-647-4752,충북,제천시,충북 제천시 내토로43길 5(화산동),,생선양념구이
1150,남들갈비,043-285-5599,충북,청주시,충북 청주시 서원구 청남로 2133번길 8(모충동),,갈비
1151,광월농약농자재건재사,054-834-9988,경북,의성군,경북 의성군 가음면 금성현서로490,,"농약,농자재,건재"
1152,고복수냉면,031-655-4252,경기,평택시,경기 평택시 조개터로 1번길  71(합정동),,냉면
1153,고궁식당,052-245-2119,울산,중구,울산 중구 학성로 95-1(성남동),,한식
1154,3대원조할매추어탕,063-632-0535,전북,남원시,전북 남원시 요천로 1467(쌍교동),,한식(추어탕)
1155,형제상회,02-2642-9399,서울,양천구,서울 양천구 목동 614-1,,자동차 부품 도소매
1156,형제돌구이,042-822-1351,대전,유성구,대전 유성구 계룡로 52번길 14,,일반한식(삼겹살)
1157,함흥냉면,032-503-8054,인천,부평구,인천광역시 부평구 시장로20번길 21(부평동),,한식(냉면)
1158,한국진열대산업사,042-637-3500,대전,대덕구,대전 대덕구 오정로 96(오정동),,진열대 외
1159,초평정육점,043-533-2247,충북,진천군,충북 진천군 진천읍 중앙동7길 1,,식육판매
1160,진해제과,055-546-3131,경남,창원시,경남 창원시 진해구 중원로43번길 4(광화동),,제과
1161,중앙집,055-741-5496,경남,진주시,경남 진주시 동성동 212-4(1층),,"초밥, 매운탕, 오뎅 백반"
1162,㈜정일품다이아몬드,053-356-6954,대구,중구,대구 중구 동성로 72,,귀금속
1163,장안면옥,031-675-4703,경기,안성시,경기 안성시 중앙로 371번길 54,,냉면
1164,이방식당,055-532-5075,경남,창녕군,경남 창녕군 이방면 옥야길1,,수구레 국밥
1165,온천입구기장곰장어,051-555-6093,부산,동래구,부산 동래구 명륜로 270(명륜동),,곰장어
1166,예산안경원.조은소리 보청기,041-335-2895,충남,예산군,충남 예산군 예산읍 예산로 176번길 16,,"안경, 보청기"
1167,신흥장어,061-335-9109,전남,나주시,전남 나주시 다시면 구진포로 58,,장어
1168,신포순대,032-773-5735,인천,중구,인천 중구 제물량로 166번길 33 (신포동 1층),,기타음식
1169,신토불이,063-253-3021,전북,전주시,전북 전주시 덕진구 명륜4길 25,,"수퍼(식료,잡화)"
1170,신미당,042-543-3501,대전,유성구,대전 유성구 원내동 227-7,,"시계, 도장(인장류)"
1171,성충문구(상사),043-857-2100,충북,충주시,충북 충주시 금봉대로 429(안림동),,문구
1172,선동보리밥,02-743-2096,서울,성북구,"서울 성북구 성북로 134-4, 1층(성북동)",,한식
1173,삼화정,032-424-8898,인천,남동구,인천 남동구 간석동 176-5,,한식
1174,삼성굴비,061-356-2359,전남,영광군,전남 영광군 법성면 굴비로 1길 26 ,,굴비
1175,부일사무가구,055-752-0923,경남,진주시,경남 진주시 내동면 독산길 25-12,,가구유통업
1176,복서울식당,043-842-0135,충북,충주시,충북 충주시 관아1길 16(성내동),,해장국
1177,보곡당,055-545-2177,경남,진해시,경남 진해시 화천동 49,,시계수리
1178,밀밭베이커리,053-426-1601,대구,중구,대구 중구 국채보상로 602-1,,"제과,제빵"
1179,미진과자점,055-545-3133,경남,창원시,경남 창원시 진해구 충장로130(충무동),,제과
1180,무진장갈비촌,063-843-3070,전북,익산시,전북 익산시 선화로 31길58,,한식(갈비)
1181,마방(마일드치킨),041-665-5369,충남,서산시,충남 서산시 번화1로 41-1(동문동),,간이음식(치킨)
1182,동양직물,02-2267-1821,서울,종로구,"서울 종로구 창경궁로 88(예지동, 마구)",,"복지, 의류, 기타 직물류"
1183,도지골등나무집,033-242-2260,강원,춘천시,강원 춘천시 신북읍 상천3길 2,,"회, 매운탕"
1184,뉴욕제과,033-632-8440,강원,속초시,강원 속초시 교동로 19(교동),,제과류
1185,남한산성은행나무집,031-743-6549,경기,광주시,경기 광주시 남한산성면 남한산성로 772,,"닭,오리백숙,순대"
1186,남문소리사,063-288-4097,전북,전주시,전북 전주시 완산구 풍남문1길 19,,"전자제품,가전수리"
1187,구백식당,061-662-0900,전남,여수시,전남 여수시 여객선터미널길 18,,한식
1188,경동수산,054-248-0508,경북,포항시,경북 포항시 북구 죽도시장13길 7-2,,"냉동수산물, 오징어, 기타 수산물"
1189,개미집,051-246-3186,부산,중구,부산 중구 중구로30번길 20-2(신창동1가),,낙지볶음
1190,88완당집,051-543-9091,부산,해운대구,"부산 해운대구 윗반송로31번길 113-17(반송동, 외 2필지)",,완당
1191,함흥냉면옥,033-633-2256,강원,속초시,강원도 속초시 청초호반로 299(금호동),,냉면
1192,한국밸브상사,051-415-0184,부산,영도구,"부산광역시 영도구 대평로 16(대평동1가, 대동대교맨션아파트)",,선박부품
1193,풍미통닭,061-744-7041,전남,순천시,전라남도 순천시 성남뒷길 3(장천동),,마늘통닭
1194,큰마을영양굴밥,041-662-2706,충남,서산시,충청남도 서산시 부석면 간월도1길 65,,굴돌솥밥
1195,청해진,02-484-1551,서울,강동구,서울특별시 강동구 성내로6길 33(성내동),1층,"산낙지전골, 해물요리"
1196,창성옥,02-718-2878,서울,용산구,서울특별시 용산구 새창로 124-10(용문동),,해장국
1197,진미식당,063-856-4422,전북,익산시,전라북도 익산시 황등면 황등로 158,,"육회비빔밥, 선지국밥"
1198,지동관,031-846-2047,경기,의정부시,경기도 의정부시 호국로1298번길 78(의정부동),,중화요리
1199,죽도집,051-721-2411,부산,기장군,부산광역시 기장군 기장읍 연화1길 215,,붕장어
1200,주식회사 경덕농수산,061-743-1794,전남,순천시,전라남도 순천시 해룡면 해룡산단1로 82-7,,농수산물가공품
1201,일송면옥,051-514-3381,부산,금정구,부산광역시 금정구 부곡로141번길 6(부곡동),,"돼지갈비, 밀면"
1202,유일관,031-585-2543,경기,가평군,경기도 가평군 조종면 현창로38번길 11-1,,"갈비탕, 육회, 소불고기 등"
1203,영빈관,043-872-6414,충북,음성군,충청북도 음성군 음성읍 시장로115번길 5,112호,중화요리
1204,알미골,032-934-3962,인천,강화군,인천광역시 강화군 강화읍 강화대로 334,,숯불갈비
1205,안일옥,031-675-2486,인천,강화군,"인천광역시 강화군 강화읍 강화대로 334(199-7,8)",,"설렁탕, 곰탕"
1206,신안촌,02-725-7744,서울,종로구,서울특별시 종로구 사직로12길 8(내자동),1층,"한정식, 홍어"
1207,송애집,043-532-6228,충북,진천군,충청북도 진천군 초평면 초평로 1051-5,,붕어찜
1208,새만포면옥,02-389-3917,서울,은평구,서울특별시 은평구 연서로 171(갈현동),"1, 2층 동연빌딩",냉면
1209,부영선지국,032-884-5981,인천,미추홀구,인천광역시 미추홀구 장천로14번길 20(숭의동),부영선지국,"선짓국, 우거지갈비탕"
1210,메바우명가춘천막국수,033-254-2232,강원,춘천시,강원도 춘천시 당간지주길 76(근화동),1층,막국수
1211,"동아의료보조기,보청기",054-858-3334,경북,안동시,경상북도 안동시 서동문로 68-1(당북동),,"의료용품, 보청기"
1212,동아서점,033-632-1555,강원,속초시,강원도 속초시 수복로 108(교동),,서적
1213,동신명가,02-481-8892,서울,서초구,서울특별시 서초구 반포대로28길 31(서초동),1층 석천빌딩,"떡갈비, 막국수"
1214,대한서림,063-852-4700,전북,익산시,전라북도 익산시 익산대로16길 26(중앙동3가),,서적
1215,단골집,043-532-6171,충북,진천군,충청북도 진천군 초평면 초평로 1053,,붕어찜
1216,금화상회,031-255-7047,경기,수원시,경기도 수원시 팔달구 수원천로255번길 6(영동),"17호(영동, 영동시장)",한복
1217,금수장장어구이,042-932-5454,충북,청주시,충청북도 청주시 서원구 현도면 청남로 15,,장어구이
1218,금메달,061-272-2697,전남,목포시,전라남도 목포시 후광대로143번길 8(옥암동),1층,홍어
1219,고려화문석,032-934-6911,인천,강화군,인천광역시 강화군 강화읍 중앙로 17-9,2층 2086호(강화풍물시장),돗자리 등 공예품
1220,77돌곱창,051-317-0470,부산,사상구,부산광역시 사상구 괘감로 98(감전동),1층,한우곱창
1221,(신)대원옥,031-255-7493,경기,수원시,경기도 수원시 팔달구 정조로800번길 6-3(팔달로1가),1층,냉면
1222,한도안전상사,042-672-0005,대전,대덕구,대전광역시 대덕구 오정로 106(오정동),,안전용품
1223,큰댁,041-555-8107,충남,천안시,충청남도 천안시 서북구 성정중4길 30(성정동),,한정식
1224,진주회관본관,041-581-2065,충남,천안시,충청남도 천안시 서북구 성환읍 성환11길 15,,"불고기, 갈비, 갈비탕"
1225,언양한우불고기,052-262-0376,울산,울주군,울산광역시 울주군 언양읍 헌양길 87-3,"1, 2층",한우불고기
1226,신화당분식,043-256-5463,충북,청주시,충청북도 청주시 상당구 대성로22번길 5-1(석교동),,우동 등 국수전문점
1227,민들레,062-374-8760,광주,서구,광주광역시 서구 상무평화로 137(치평동),,"간장게장, 쌈밥, 한정식"
1228,딴뚝통나무집식당,041-673-1645,충남,태안군,충청남도 태안군 안면읍 조운막터길 23-22,조운막터길 23-5,"게국지, 게장"
1229,동신위생도기,042-274-3391,대전,대덕구,대전광역시 대덕구 비래서로9번길 76(비래동),,위생도기
1230,동승춘,033-574-2082,강원,삼척시,강원도 삼척시 대학로 12(읍중동),,중국요리
1231,남주동해장국,043-256-8575,충북,청주시,충청북도 청주시 상당구 무심동로304번길 10(남주동),,"해장국(소고기, 선지, 우거지)"
1232,나드리,054-633-5482,경북,영주시,경상북도 영주시 중앙로 89(영주동),,"쫄면, 수제돈까스"
1233,철원막국수,033-452-2589,강원,철원군,강원도 철원군 갈말읍 명성로158번길 13,철원막국수,막국수
1234,제천식육점,043-647-2607,충북,제천시,충청북도 제천시 풍양로 108(중앙로1가),"중앙시장지하 14, 16",한우 전문점
1235,재건갈비,043-283-4068,충북,청주시,충청북도 청주시 서원구 청남로 2104(수곡동),,갈비전문점
1236,동래할매파전,051-552-0792,부산,동래구,부산광역시 동래구 명륜로94번길 43-10(복천동),,동래파전 등 전류
1237,대동관,043-214-0020,충북,청주시,충청북도 청주시 청원구 내수읍 내수로 731,,중국요리
1238,공원당,043-255-3894,충북,청주시,충청북도 청주시 상당구 상당로55번길 40-2(남문로2가),,"돈까스, 우동, 메밀(소바)"
1239,향원복집,064-762-2341,제주,서귀포시,제주특별자치도 서귀포시 부두로 43(서귀동),,"일식, 복어"
1240,하나로회관,02-732-7451,서울,종로구,서울특별시 종로구 인사동5길 25(인사동),,한정식
1241,청신한약방,053-255-2036,대구,중구,대구광역시 중구 남성로 16-1(남성로),,한약 소매
1242,장군식당,02-941-5882,서울,노원구,서울특별시 노원구 화랑로43가길 27(월계동),,족발
1243,외바우,054-763-7733,경북,경주시,경상북도 경주시 안강읍 구부랑3길 12,,철판요리
1244,옥수굴비,061-356-1088,전남,영광군,전라남도 영광군 법성면 진굴비길 108,,굴비 도소매
1245,쉐라미,051-208-0033,부산,사하구,부산광역시 사하구 낙동대로 238(괴정동),1층,제과
1246,불로식당,055-246-6260,경남,창원시,경상남도 창원시 마산합포구 남성로 137(동성동),,"생선국, 추어탕, 장어국"
1247,부산복집,02-2266-6334,서울,중구,서울특별시 중구 수표로2길 25(충무로3가),"1층, 2층",복어전문점
1248,백초당한약방,053-252-5505,대구,중구,대구광역시 중구 달구벌대로415길 38(장관동),,한약 소매
1249,화성갈비,055-246-9194,경남,창원시,경상남도 창원시 마산합포구 오동서7길 36(중성동),,"한우갈비, 갈비탕"
1250,형제상회,02-2642-9399,서울,은평구,서울특별시 은평구 서오릉로 254-3(갈현동),,자동차 부품 도소매
1251,협신전자,051-804-8884,부산,부산진구,부산광역시 부산진구 전포대로223번길 16(전포동),서면전자상가 D동 115호,전자부품
1252,탑외국어사(이엘티존),063-285-6888,전북,전주시,전라북도 전주시 완산구 화산천변로 9(중화산동2가),102호,"서적, 교구, 교육서비스"
1253,진미양념통닭,033-746-6896,강원,원주시,강원도 원주시 우산로 66(우산동),,치킨
1254,㈜백년가게국제의료기,053-426-7579,대구,달서구,대구광역시 달서구 성당로 273(두류동),,"의료소모품, 의료기기 도소매"
1255,제일스포츠,063-535-9146,전북,정읍시,전라북도 정읍시 중앙로 83(수성동),,"운동용품, 운동구, 체육시설물 등"
1256,정우상사,02-2272-2688,서울,종로구,서울특별시 종로구 창경궁로 109(인의동),1043호 세원스퀘어,시계 도소매
1257,을지OB베어,02-2264-1597,서울,중구,서울특별시 중구 충무로9길 12(을지로3가),1층 104호,"노가리, 번데기, OB생맥주"
1258,스미센,053-752-0980,대구,동구,대구광역시 동구 동부로30길 15(신천동),,"민물장어구이, 초밥"
1259,선천집,02-734-1970,서울,종로구,서울특별시 종로구 인사동14길 5(관훈동),"100-3, 110-4",한정식
1260,만석장,02-385-2093,서울,은평구,서울특별시 은평구 대서문길 43-10(진관동),"1, 2층","두부요리, 쌈밥전문점"
1261,대림동삼거리먼지막순대국,02-848-2469,서울,영등포구,서울특별시 영등포구 시흥대로185길 11(대림동),"1층,(지하층)",순대국
1262,늘채움,063-272-5737,전북,전주시,전라북도 전주시 덕진구 덕진연못3길 6(덕진동2가),,"늘채움정식, 생선구이 등"
