name,addr,kind
영진횟집,강원 강릉시 연곡면 해안로 1427,음식점
강릉짬뽕순두부 동화가든 본점,강원 강릉시 초당순두부길77번길 15,음식점
용복통닭 속초본점,강원 속초시 먹거리2길 7 용복통닭,음식점
솔밭가든막국수,강원 속초시 부월1길 17 솔밭가든막국수,음식점
88순대국,강원 속초시 중앙로129번길 35-13 88순대국,음식점
원조동해순대국,강원 속초시 중앙로129번길 35-17,음식점
우담,강원 원주시 능라동길 47 401호 우담,음식점
금성식당,강원 원주시 중앙로 28,음식점
커피라디오 본점,강원 원주시 치악고교길 19 커피라디오,카페
라모스버거 원주직영점,강원 원주시 행구로 207 1층,음식점
메바우명가춘천막국수,강원 춘천시 당간지주길 76,음식점
자유빵집,강원 춘천시 만천로199번길 28 1층,카페
실비막국수,강원 춘천시 소양고개길 25,음식점
육림닭강정,강원 춘천시 소양고개길 46,음식점
춘천명물닭갈비,강원 춘천시 옛경춘로 813,음식점
라모스버거,강원 춘천시 옛경춘로 835,음식점
황태덕장,강원 평창군 대관령면 눈마을길 21 황태덕장,음식점
새말토종순대본점,강원 횡성군 우천면 우항새말길 20-16,음식점
함밭식당,강원 횡성군 횡성읍 섬강로 88 함밭식당,음식점
구성각,경기 가평군 가평읍 중촌로 15-47,음식점
청평호반닭갈비막국수 청평본점,경기 가평군 청평면 강변로 45-7 청평호반닭갈비막국수 청평본점,음식점
숏컷로스터스,경기 고양시 일산동구 성석로 218-16 숏컷로스터스,카페
락희안 일산점,경기 고양시 일산동구 중앙로 1205 차병원 2층 207호,음식점
만춘,경기 과천시 과천대로7길 26 B타워162호,음식점
박야 비스트로,경기 광명시 광명로893번길 12 1층 101호 박야 비스트로,BAR
이학순베이커리 소하상업지구점,경기 광명시 소하로75번길 10 1층 104호,카페
조선식탁오정족발,경기 광명시 오리로854번길 16-11 1층,음식점
위클리 테이블 구리,경기 구리시 안골로97번길 37 2층 위클리테이블,음식점
백련 오리백숙과 야외바베큐장 불멍삼겹살 묵은지 닭볶음탕,경기 남양주시 별내면 용암제청말길 121,음식점
송월관,경기 동두천시 큰시장로 28-10,음식점
나리스키친 부천,경기 부천시 원미구 신흥로 150,음식점
봉봉커피앤디저트,경기 성남시 분당구 백현로144번길 19-1 1층,카페
미담 휴,경기 성남시 분당구 성남대로331번길 9-12 우경빌딩 2층,음식점
우수옥 정자본점,경기 성남시 분당구 정자일로 120,음식점
라비떼,경기 성남시 분당구 판교공원로3길 16,음식점
서현실비 본점,경기 성남시 분당구 황새울로311번길 14,음식점
상원회관 광교한우본점,경기 수원시 영통구 대학1로 12 1층 상원회관 광교한우본점,음식점
해피누디,경기 수원시 영통구 도청로 95,카페
스매쉬드 매스 본점,"경기 수원시 영통구 청명남로4번길 8 1층 102호, 103호",음식점
송풍갈비,경기 수원시 장안구 경수대로 1013,음식점
보리네주먹고기,경기 수원시 장안구 율전로98번길 6-9,음식점
동호간장게장,경기 수원시 팔달구 장다리로 268 1층,음식점
밀가랑 칼국수 시흥본점,경기 시흥시 하우로 66,음식점
피제리아 라쪼,"경기 안산시 단원구 광덕1로 165 108호, 109호",음식점
사계솥밥 안산 본점,경기 안산시 단원구 광덕대로 161,음식점
포크너 안산고잔점,경기 안산시 단원구 광덕대로 168,음식점
송호성 돈카츠,경기 안산시 단원구 광덕동로 99,음식점
국보만두 안산본점,경기 안산시 단원구 광덕서로 62,음식점
해주옥 안산단원구본점,경기 안산시 단원구 중앙대로 362,음식점
유니스의 정원 레스토랑,경기 안산시 상록구 반월천북길 139,음식점
트라토리아 네로,경기 안산시 상록구 석호로 315 신안코아 지층 19호(지하층) 트라토리아 네로,음식점
에비수,경기 안산시 상록구 성안길 93 1층,음식점
비소원,경기 안양시 동안구 관악대로 415 1층,음식점
우도,경기 오산시 외삼미로 160 1층,음식점
학마루,경기 용인시 처인구 용인대학로 96,음식점
일월담,경기 의정부시 동일로150번길 119,음식점
까사디차차,경기 이천시 서희로40번길 7 벽돌집,카페
살로네,경기 이천시 이섭대천로 1216,음식점
장흥회관 이천본점,경기 이천시 중리천로 8-1,음식점
논스페이스,경기 이천시 호법면 동산로395번길 139-12 논스페이스,카페
루미케익,경기 파주시 가람로21번길 62-24 1층,카페
타이로드 파주야당본점,경기 파주시 경의로 1046 이더펠리체 104호,음식점
고모리691,경기 포천시 소흘읍 고모루성길 267,카페
한옥 카페 감뜰,경기 화성시 만세구 서신면 담밭성지길 8 1층,카페
백만석게장백반본점,경남 거제시 계룡로 47,음식점
키친루셀로,경남 거제시 일운면 거제대로 1861,음식점
마이블루발렌타인,경남 거제시 장평1로1길 17,카페
대동할매국수,경남 김해시 대동면 동남로45번길 8,음식점
바자라,경남 김해시 대동면 신동안길 26,음식점
쏘 커피바,경남 김해시 율하카페길 101,카페
플래닛커피 산청점,경남 산청군 금서면 경호로 27 1층,카페
아름빌,경남 양산시 물금읍 가촌서로 17-21,음식점
육동면 양산범어오슬로파크점,경남 양산시 물금읍 범구로 14,음식점
다이닝숲 양산본점,경남 양산시 상북면 충렬로 541,음식점
이자카야 아카,경남 양산시 중부로 12,BAR
문산제일염소불고기,경남 진주시 문산읍 월아산로 1082,음식점
금산골 진주혁신도시 본점,경남 진주시 충의로 20-22,음식점
창동복희집,경남 창원시 마산합포구 동서북14길 21-1,음식점
브라바스,경남 창원시 의창구 남산로115번길 49,음식점
경주신라반상 수리뫼,경북 경주시 내남면 포석로 110-32,음식점
외바우 안강본점,경북 경주시 안강읍 구부랑3길 12 1층,음식점
부성식당,경북 경주시 포석로 588-5 부성식당,음식점
고령금산한우,경북 고령군 성산면 성산로 946-5,음식점
달달한오븐,경북 구미시 산동읍 신당2로 29 대호프라자 107호 달달한오븐,카페
마타아시타 혁신점,경북 김천시 혁신3로 5 114호,음식점
성주가나안농장 한우식당,경북 성주군 금수강산면 명천로3길 98,음식점
카페노랑,경북 성주군 벽진면 벽봉로 89,카페
선바위가든,경북 영양군 입암면 영양로 883-17 선바위가든,음식점
달빛레스토랑,경북 의성군 안계면 소보안계로 2070,음식점
서원한정식,경북 의성군 의성읍 동서2길 28-1 서원한정식,음식점
장룡민물장어나라,경북 포항시 남구 희망대로 911,음식점
논실커피로스터스,경북 포항시 남구 희망대로514번길 46,카페
그저모이기,대구 남구 중앙대로51길 26 1층,카페
단골식당 연탄돼지불고기,대구 북구 칠성시장로7길 9-1,음식점
비스트로 카라사,대구 북구 학정로110길 28,음식점
까치산 갈비 대구본점,대구 북구 호국로 233,음식점
바우만스테이크하우스,대구 수성구 동대구로 397,음식점
오호리준 범어본사직영점,대구 수성구 동대구로59길 14-2 101호,BAR
블랙타코앤그릴 범어점,대구 수성구 상록로 28,음식점
형제수산,대구 수성구 수성로 314,음식점
본전식당 수성점,대구 수성구 수성로76길 38,음식점
신짜오 수성못본점,대구 수성구 수성못6길 20-6,음식점
교동 부케,대구 중구 경상감영길 213,음식점
야자수지붕 대구교동본점,대구 중구 경상감영길 229,음식점
블랙타코앤그릴 동성로점,대구 중구 공평로 31,음식점
한우장,대구 중구 국채보상로 555 1층,음식점
차시호차,대구 중구 국채보상로 727,카페
인투 동성로점,대구 중구 동성로4길 95,음식점
오호리준 대구종로 본점,대구 중구 중앙대로81길 7,BAR
별난집,대전 동구 중앙로193번길 8 1층 별난집,음식점
랑골로,대전 서구 도안동로 234-36 2층 랑골로 베키오폰테,음식점
1972송은정보리밥 만년점,대전 서구 만년로 82 2층,음식점
부강옥 대전 유성직영점,대전 유성구 계룡로 129 이화빌딩 1층 부강옥,음식점
제면소의하루 대전어은본점,대전 유성구 어은로58번길 14 1층,음식점
흐른,부산 강서구 식만로 112,카페
우남정,부산 기장군 철마면 곰내길 115,음식점
부산약콩밀면 이기대본점,부산 남구 동명로145번길 80 1층 부산약콩밀면 이기대본점,음식점
내호냉면 본점,부산 남구 우암번영로26번길 17,음식점
궁중해물탕 조씨집 대연본점,부산 남구 진남로 7-11,음식점
석정갈비,부산 동래구 중앙대로1367번길 72,음식점
융캉찌에 서면점,부산 부산진구 서전로9번길 60,음식점
화남정돼지국밥 초읍본점,부산 부산진구 성지로 50,음식점
슌사이쿠보 화명,부산 북구 양달로4번길 17,음식점
계주숯불닭갈비 본점,부산 사상구 사상로224번길 16 1층 103호,음식점
우적 하단점,부산 사하구 낙동남로1405번길 9-7 1층,음식점
핏제리아곳간,부산 사하구 낙동대로 543 1층 핏제리아곳간,음식점
느루집 광안점,부산 수영구 광안로 49-1,음식점
한월관,부산 수영구 광안로62번길 10,음식점
광안리 유가횟집,부산 수영구 광안해변로344번길 17-11,음식점
다리집 본점,부산 수영구 남천바다로10번길 70,음식점
야키토리 해공,부산 수영구 민락본동로19번길 30-5,음식점
알로이 타이레스토랑,부산 수영구 민락수변로239번길 26,음식점
감성양고기,부산 수영구 황령대로481번길 10-9,음식점
스페샬돼지 부산시청본점,부산 연제구 시청로32번길 16-1,음식점
연산돈 연산시청본점,부산 연제구 쌍미천로155번길 34 1층,음식점
토로,부산 영도구 태종로750번길 46 1층 영도토로,음식점
일광양곱창,부산 중구 자갈치로 33,음식점
율링,부산 해운대구 달맞이길62번길 28,음식점
부다면옥,부산 해운대구 중동1로 36,음식점
소공간 다이닝,부산 해운대구 해운대해변로298번길 47,음식점
미미면가 가로수길점,서울 강남구 강남대로160길 29,음식점
로마옥 도곡,서울 강남구 강남대로48길 11 1층 로마옥,음식점
늘복집 수서역점,서울 강남구 광평로 280 로즈데일 빌딩 지하2층 111호 늘복집 수서역점,음식점
젠틀커피,서울 강남구 논현로30길 41 1층,카페
외고집설렁탕,서울 강남구 삼성로 555,음식점
구테로이테 본점,서울 강남구 선릉로131길 16 1층 구테로이테,카페
뉴만두집,서울 강남구 압구정로 338,음식점
돈불리제담 신사본점,서울 강남구 압구정로2길 46 강남상가아파트 1층 상가,음식점
와라쿠,서울 강남구 압구정로4길 13-7,BAR
수림복국 선릉 삼성 본점 역삼 포스코사거리 점심 코스,서울 강남구 테헤란로77길 11-13 1층,음식점
류몽민 학동역점,서울 강남구 학동로25길 11 씨플레이스 2층 101호,음식점
씨엘드프랑스,서울 강남구 학동로68길 7 1층,카페
타르데마 베이커리 우장산,서울 강서구 강서로46길 9,카페
정면,서울 광진구 능동로13길 88,음식점
라마노피자,서울 구로구 디지털로34길 55 코오롱싸이언스밸리2차 지하1층 B119호,음식점
아로가 독산본점,"서울 금천구 범안로 1212 1층 118호, 119호",음식점
장자방,"서울 노원구 공릉로 101 1층(공릉동, 경동상가)",음식점
대디스파스타,서울 노원구 공릉로39길 21 서로퍼스트빌 104호 대디스파스타,음식점
구디스,서울 노원구 동일로184길 52 2층,음식점
수락이오냉면 노원본점,서울 노원구 동일로237다길 7 창일빌딩 1층 수락이오냉면,음식점
무수옥 도봉본점,서울 도봉구 도봉로165길 15,음식점
카츠디나인 신대방삼거리 본점,서울 동작구 국사봉1길 12-5 1층,음식점
가네끼스시,서울 동작구 보라매로5가길 16 보라매아카데미타워 2층,음식점
곱 마포직영점,서울 마포구 도화길 31-1,음식점
니시무라멘 연남본점,서울 마포구 동교로 265,음식점
황금콩밭,서울 마포구 마포대로16길 9,음식점
유어다이닝,서울 마포구 망원로6길 56 101호 유어다이닝,음식점
상암 곱,서울 마포구 매봉산로2안길 12-6,음식점
교다이야,서울 마포구 성지길 39,음식점
합정옥,서울 마포구 양화로1길 21,음식점
옥동식,서울 마포구 양화로7길 44-10,음식점
진어참치,서울 마포구 연남로3길 34,음식점
진진,서울 마포구 월드컵북로1길 60,음식점
락희안 가좌본점,"서울 서대문구 가재울로4길 53 1, 2층",음식점
블루레시피,서울 서대문구 연희맛로 17-16 2층,음식점
송강,서울 서초구 명달로9길 5 정호빌딩1층,음식점
평안면옥,서울 서초구 반포대로28길 31,음식점
3대삼계장인,서울 서초구 반포대로28길 56-3,음식점
조양관한정식 강남본점,서울 서초구 서초대로74길 29 지하1층 조양관,음식점
고메정식당 교대본점,서울 서초구 서초중앙로22길 42 동진빌딩 1층,음식점
르빵 신세계백화점 강남점,서울 서초구 신반포로 176 신세계백화점 강남점 지하1층,카페
웨인스베이글스 강남역점,서울 서초구 효령로77길 34 1층 115호,카페
샌드카베,서울 성동구 서울숲4길 22-18 1층 카페,카페
계월,서울 성동구 성덕정3길 8,음식점
사만 커피 로스터스,서울 성북구 성북로6길 2-2,카페
유천냉면 본점,서울 송파구 강동대로3길 22,음식점
쿠치나디까사 문정점,"서울 송파구 송파대로 201 송파테라타워2 A동 1층 A-110, 111호",음식점
임꺽정부대찌개,서울 양천구 목동동로12길 27,음식점
락희안 목동직영점,"서울 양천구 오목로 330 2, 3층",음식점
월화갈비 문래본점,서울 영등포구 경인로79길 17 1층,음식점
원조마늘곱창 문래본점,서울 영등포구 경인로79길 17-1 1층,음식점
메밀단편 여의도점,서울 영등포구 국제금융로2길 32 201호,음식점
구복만두,서울 용산구 두텁바위로 7,음식점
에그앤플라워,서울 용산구 신흥로26길 35,음식점
중국가정식 장강중류,서울 용산구 이태원로 143-30 2층 중국가정식 장강중류,음식점
롱브르378,서울 용산구 한강대로10길 11-54 롱브르378,카페
만포면옥 본점,서울 은평구 연서로 171,음식점
포옹싸,서울 은평구 진관2로 29-21 202호,음식점
황생가칼국수,서울 종로구 북촌로5길 78,음식점
신안촌 본점,서울 종로구 사직로12길 8,음식점
이문설렁탕,서울 종로구 우정국로 38-13,음식점
덕수궁 리에제와플,서울 중구 덕수궁길 5,카페
원조한치,서울 중구 명동7길 14-5 명동 맥도날드 하이약국 골목 안,음식점
하동관 명동본점,서울 중구 명동9길 12,음식점
유림면,서울 중구 서소문로 139-1,음식점
서령 본점,서울 중구 소월로 10,음식점
남포면옥,서울 중구 을지로3길 24,음식점
펠트커피 청계천점,서울 중구 청계천로 14,카페
미스터빈커피로스터스,"세종 고운서길 13 고운동 108호, 109호",카페
힛유어텅,세종 새롬로 56 새뜸마을14단지 1419동 상가 1층 106호 힛유어텅,음식점
야호래,세종 전동면 고산길 71 야호래,음식점
1972 송은정 보리밥 본점,세종 조치원읍 세종로 2427 1층,음식점
사이먼스테이크 롯데백화점 울산점,울산 남구 삼산로 288,음식점
본여우&본정,울산 남구 왕생로120번길 5,음식점
멋진녀석들본점,울산 북구 명촌15길 5-10,음식점
로바타요지 성남점,울산 중구 학성로 73,BAR
아뚜드스윗,인천 강화군 강화읍 강화대로 456-14 1층,카페
호카츠,인천 검단구 서곶로 788,음식점
정서진메밀면옥,인천 검단구 아라로51번길 3,음식점
계양옥 계산본점,인천 계양구 오조산로45번길 12 1층,음식점
카이린펑 청라 본점,인천 서해구 청라커낼로 252,음식점
커피화 로스터스 본점,"인천 연수구 송도과학로27번길 70 롯데 캐슬 상가 107호, 108호 커피화 로스터스 본점",카페
디벨로핑룸 연수점,인천 연수구 청명로 26 1층,카페
신포순대 신포시장본점,인천 제물포구 제물량로166번길 33,음식점
수완지구폼,전남광주 광산구 수완로10번길 94,음식점
올데이우동 광주첨단점,전남광주 광산구 임방울대로800번길 71,음식점
송현불고기,전남광주 나주시 건재로 193,음식점
원조대나무국수,전남광주 담양군 담양읍 객사2길 15-71,음식점
미미원,전남광주 동구 백서로 218,음식점
일로일로,전남광주 무안군 일로읍 삼일로 613 카페 일로일로,카페
소이연남 광주상무점,전남광주 서구 운천로 261 어반피크 상무 1층 127호,음식점
언베일커피스탠드,전남광주 순천시 해룡면 신대4길 4-25 1층,카페
경원이네,전남광주 여수시 문수3길 6-3,음식점
삼학집,전남광주 여수시 이순신광장로 200-3,음식점
구르미머무는,전남광주 장성군 진원면 불태3로 168,카페
구름숲아토리,전남광주 진도군 의신면 의신사천길 26,카페
완주옥,전북 군산시 큰샘길 42,음식점
경방루,전북 남원시 광한북로 29,음식점
아서원1920 전주본점,전북 전주시 덕진구 송천중앙로 225 파인트리몰 3층,음식점
진주식당,제주 서귀포시 태평로 353 진주식당,음식점
어머니빵집,제주 제주시 도령로 103 연동한일시티파크(분점 없이 이 매장 한곳뿐입니다),카페
청운식당,충남 공주시 의당면 의당로 321-8,음식점
오능이샤브백숙,충남 아산시 음봉면 음봉로401번길 5 1층 오능이샤브백숙,음식점
예산백년밥상,충남 예산군 예산읍 벚꽃로 80,음식점
카페 루나마켓,충북 영동군 황간면 석천길 16-43 1층 루나마켓,카페
잠봉집,충북 음성군 맹동면 용두2길 6 101호,음식점
큰곰집,충북 음성군 음성읍 음성로 553,음식점
청풍마늘떡갈비,충북 제천시 금성면 청풍호로 1643,음식점
계절산책,충북 제천시 송학면 도화로 38-9,카페
신궁전,충북 진천군 덕산읍 용몽2길 34,음식점
술나발 충북대본점,충북 청주시 서원구 내수동로114번길 36 1층,BAR
부모산가든 청주본점,충북 청주시 흥덕구 2순환로1167번길 25,음식점
강서추어탕,충북 청주시 흥덕구 가로수로 1142,음식점
수암골 연어 곳간,충북 청주시 흥덕구 대농로 39 LK트리플렉스 B동 1층 연어곳간,음식점
스탠다드,충북 청주시 흥덕구 천석로66번길 16 1층,음식점
